timestamp,feature,value,reason_flagged
46185.74030092593,flow_lph,-0.6031596064567565,Negative flow
46185.74032407408,flow_lph,-0.606791079044342,Negative flow
46185.74033564815,flow_lph,-1.2209597826004028,Negative flow
46185.74034722222,flow_lph,-2.4358391761779785,Negative flow
46185.7403587963,flow_lph,-2.4419195652008057,Negative flow
46185.74037037037,flow_lph,-2.4419195652008057,Negative flow
46185.740381944444,flow_lph,-2.4419195652008057,Negative flow
46185.74039351852,flow_lph,-3.662879467010498,Negative flow
46185.74040509259,flow_lph,-3.662879467010498,Negative flow
46185.74041666667,flow_lph,-2.4443812370300293,Negative flow
46185.74042824074,flow_lph,-3.662879467010498,Negative flow
46185.740439814814,flow_lph,-3.662879467010498,Negative flow
46185.25247685185,conductivity,-0.010894629172980784,Negative conductivity NEEDS FACTORY TAG VALIDATION
46185.252488425926,conductivity,-0.030031029134988785,Negative conductivity NEEDS FACTORY TAG VALIDATION
46185.2525,conductivity,-0.04916742816567421,Negative conductivity NEEDS FACTORY TAG VALIDATION
46185.25251157407,conductivity,-0.06830383092164993,Negative conductivity NEEDS FACTORY TAG VALIDATION
46185.25252314815,conductivity,-0.08744022995233536,Negative conductivity NEEDS FACTORY TAG VALIDATION
46185.25253472223,conductivity,-0.1065766289830207,Negative conductivity NEEDS FACTORY TAG VALIDATION
46185.252546296295,conductivity,-0.1257130354642868,Negative conductivity NEEDS FACTORY TAG VALIDATION
46185.252557870364,conductivity,-0.1448494344949722,Negative conductivity NEEDS FACTORY TAG VALIDATION
46185.25256944444,conductivity,-0.1639858335256576,Negative conductivity NEEDS FACTORY TAG VALIDATION
46185.25258101852,conductivity,-0.183122232556343,Negative conductivity NEEDS FACTORY TAG VALIDATION
46185.2525925926,conductivity,-0.1824182420969009,Negative conductivity NEEDS FACTORY TAG VALIDATION
46185.25260416666,conductivity,-0.1817142516374588,Negative conductivity NEEDS FACTORY TAG VALIDATION
46185.252615740734,conductivity,-0.1810102611780166,Negative conductivity NEEDS FACTORY TAG VALIDATION
46185.25262731482,conductivity,-0.1803062558174133,Negative conductivity NEEDS FACTORY TAG VALIDATION
46185.25263888889,conductivity,-0.1796022653579711,Negative conductivity NEEDS FACTORY TAG VALIDATION
46185.25265046296,conductivity,-0.178898274898529,Negative conductivity NEEDS FACTORY TAG VALIDATION
46185.25266203704,conductivity,-0.1781942844390869,Negative conductivity NEEDS FACTORY TAG VALIDATION
46185.25267361111,conductivity,-0.1774902939796447,Negative conductivity NEEDS FACTORY TAG VALIDATION
46185.252685185194,conductivity,-0.1767863035202026,Negative conductivity NEEDS FACTORY TAG VALIDATION
46185.25269675926,conductivity,-0.1760822981595993,Negative conductivity NEEDS FACTORY TAG VALIDATION
46185.252708333326,conductivity,-0.1753783077001571,Negative conductivity NEEDS FACTORY TAG VALIDATION
46185.25271990741,conductivity,-0.174674317240715,Negative conductivity NEEDS FACTORY TAG VALIDATION
46185.25273148148,conductivity,-0.1739703267812728,Negative conductivity NEEDS FACTORY TAG VALIDATION
46185.25274305556,conductivity,-0.1732663363218307,Negative conductivity NEEDS FACTORY TAG VALIDATION
46185.252754629626,conductivity,-0.1725623458623886,Negative conductivity NEEDS FACTORY TAG VALIDATION
46185.252766203696,conductivity,-0.1718583405017852,Negative conductivity NEEDS FACTORY TAG VALIDATION
46185.25277777778,conductivity,-0.1711543500423431,Negative conductivity NEEDS FACTORY TAG VALIDATION
46185.25278935185,conductivity,-0.170450359582901,Negative conductivity NEEDS FACTORY TAG VALIDATION
46185.252800925926,conductivity,-0.1697463691234588,Negative conductivity NEEDS FACTORY TAG VALIDATION
46185.2528125,conductivity,-0.1690423786640167,Negative conductivity NEEDS FACTORY TAG VALIDATION
46185.25282407407,conductivity,-0.1683383882045745,Negative conductivity NEEDS FACTORY TAG VALIDATION
46185.25283564815,conductivity,-0.1676343828439712,Negative conductivity NEEDS FACTORY TAG VALIDATION
46185.25284722223,conductivity,-0.1669303923845291,Negative conductivity NEEDS FACTORY TAG VALIDATION
46185.252858796295,conductivity,-0.1662264019250869,Negative conductivity NEEDS FACTORY TAG VALIDATION
46185.252870370365,conductivity,-0.1655224114656448,Negative conductivity NEEDS FACTORY TAG VALIDATION
46185.25288194444,conductivity,-0.1648184210062027,Negative conductivity NEEDS FACTORY TAG VALIDATION
46185.25289351852,conductivity,-0.1641144305467605,Negative conductivity NEEDS FACTORY TAG VALIDATION
46185.2529050926,conductivity,-0.1634104251861572,Negative conductivity NEEDS FACTORY TAG VALIDATION
46185.252916666665,conductivity,-0.162706434726715,Negative conductivity NEEDS FACTORY TAG VALIDATION
46185.252928240734,conductivity,-0.1620024442672729,Negative conductivity NEEDS FACTORY TAG VALIDATION
46185.25293981482,conductivity,-0.1612984538078308,Negative conductivity NEEDS FACTORY TAG VALIDATION
46185.25295138889,conductivity,-0.1605944633483886,Negative conductivity NEEDS FACTORY TAG VALIDATION
46185.25296296296,conductivity,-0.1598904728889465,Negative conductivity NEEDS FACTORY TAG VALIDATION
46185.25297453704,conductivity,-0.1591864675283432,Negative conductivity NEEDS FACTORY TAG VALIDATION
46185.25298611111,conductivity,-0.158482477068901,Negative conductivity NEEDS FACTORY TAG VALIDATION
46185.252997685195,conductivity,-0.1577784866094589,Negative conductivity NEEDS FACTORY TAG VALIDATION
46185.25300925926,conductivity,-0.1570744961500167,Negative conductivity NEEDS FACTORY TAG VALIDATION
46185.25302083333,conductivity,-0.1563705056905746,Negative conductivity NEEDS FACTORY TAG VALIDATION
46185.25303240741,conductivity,-0.1556665152311325,Negative conductivity NEEDS FACTORY TAG VALIDATION
46185.25304398148,conductivity,-0.1549625098705291,Negative conductivity NEEDS FACTORY TAG VALIDATION
46185.25305555556,conductivity,-0.154258519411087,Negative conductivity NEEDS FACTORY TAG VALIDATION
46185.253067129626,conductivity,-0.1535545289516449,Negative conductivity NEEDS FACTORY TAG VALIDATION
46185.253078703696,conductivity,-0.1528505384922027,Negative conductivity NEEDS FACTORY TAG VALIDATION
46185.25309027778,conductivity,-0.1521465480327606,Negative conductivity NEEDS FACTORY TAG VALIDATION
46185.25310185185,conductivity,-0.1514425575733184,Negative conductivity NEEDS FACTORY TAG VALIDATION
46185.253113425926,conductivity,-0.1507385522127151,Negative conductivity NEEDS FACTORY TAG VALIDATION
46185.253125,conductivity,-0.150034561753273,Negative conductivity NEEDS FACTORY TAG VALIDATION
46185.25313657407,conductivity,-0.1493305712938308,Negative conductivity NEEDS FACTORY TAG VALIDATION
46185.25314814815,conductivity,-0.1486265808343887,Negative conductivity NEEDS FACTORY TAG VALIDATION
46185.25315972222,conductivity,-0.1479225903749465,Negative conductivity NEEDS FACTORY TAG VALIDATION
46185.253171296295,conductivity,-0.1472185999155044,Negative conductivity NEEDS FACTORY TAG VALIDATION
46185.253182870365,conductivity,-0.1465145945549011,Negative conductivity NEEDS FACTORY TAG VALIDATION
46185.25319444444,conductivity,-0.1458106040954589,Negative conductivity NEEDS FACTORY TAG VALIDATION
46185.25320601852,conductivity,-0.1451066136360168,Negative conductivity NEEDS FACTORY TAG VALIDATION
46185.2532175926,conductivity,-0.1444026231765747,Negative conductivity NEEDS FACTORY TAG VALIDATION
46185.253229166665,conductivity,-0.1436986327171325,Negative conductivity NEEDS FACTORY TAG VALIDATION
46185.253240740734,conductivity,-0.1429946422576904,Negative conductivity NEEDS FACTORY TAG VALIDATION
46185.25325231482,conductivity,-0.1422906368970871,Negative conductivity NEEDS FACTORY TAG VALIDATION
46185.25326388889,conductivity,-0.1415866464376449,Negative conductivity NEEDS FACTORY TAG VALIDATION
46185.253275462965,conductivity,-0.1408826559782028,Negative conductivity NEEDS FACTORY TAG VALIDATION
46185.25328703704,conductivity,-0.1401786655187606,Negative conductivity NEEDS FACTORY TAG VALIDATION
46185.25329861111,conductivity,-0.1394746750593185,Negative conductivity NEEDS FACTORY TAG VALIDATION
46185.253310185195,conductivity,-0.1387706845998764,Negative conductivity NEEDS FACTORY TAG VALIDATION
46185.25332175926,conductivity,-0.138066679239273,Negative conductivity NEEDS FACTORY TAG VALIDATION
46185.25333333333,conductivity,-0.1373626887798309,Negative conductivity NEEDS FACTORY TAG VALIDATION
46185.25334490741,conductivity,-0.1366586983203887,Negative conductivity NEEDS FACTORY TAG VALIDATION
46185.25335648148,conductivity,-0.1359547078609466,Negative conductivity NEEDS FACTORY TAG VALIDATION
46185.25336805556,conductivity,-0.1352507174015045,Negative conductivity NEEDS FACTORY TAG VALIDATION
46185.25337962963,conductivity,-0.1345467269420623,Negative conductivity NEEDS FACTORY TAG VALIDATION
46185.253391203696,conductivity,-0.133842721581459,Negative conductivity NEEDS FACTORY TAG VALIDATION
46185.25340277778,conductivity,-0.1331387311220169,Negative conductivity NEEDS FACTORY TAG VALIDATION
46185.25341435185,conductivity,-0.1324347406625747,Negative conductivity NEEDS FACTORY TAG VALIDATION
46185.25342592593,conductivity,-0.1317307502031326,Negative conductivity NEEDS FACTORY TAG VALIDATION
46185.2534375,conductivity,-0.1310267597436904,Negative conductivity NEEDS FACTORY TAG VALIDATION
46185.25344907407,conductivity,-0.1303227692842483,Negative conductivity NEEDS FACTORY TAG VALIDATION
46185.25346064815,conductivity,-0.129618763923645,Negative conductivity NEEDS FACTORY TAG VALIDATION
46185.25347222222,conductivity,-0.1289147734642028,Negative conductivity NEEDS FACTORY TAG VALIDATION
46185.253483796296,conductivity,-0.1282107830047607,Negative conductivity NEEDS FACTORY TAG VALIDATION
46185.253495370365,conductivity,-0.1275067925453186,Negative conductivity NEEDS FACTORY TAG VALIDATION
46185.25350694444,conductivity,-0.1268028020858764,Negative conductivity NEEDS FACTORY TAG VALIDATION
46185.25351851852,conductivity,-0.1260988116264343,Negative conductivity NEEDS FACTORY TAG VALIDATION
46185.2535300926,conductivity,-0.1253948062658309,Negative conductivity NEEDS FACTORY TAG VALIDATION
46185.253541666665,conductivity,-0.1246908158063888,Negative conductivity NEEDS FACTORY TAG VALIDATION
46185.253553240735,conductivity,-0.1239868253469467,Negative conductivity NEEDS FACTORY TAG VALIDATION
46185.25356481481,conductivity,-0.1232828348875045,Negative conductivity NEEDS FACTORY TAG VALIDATION
46185.25357638889,conductivity,-0.1225788369774818,Negative conductivity NEEDS FACTORY TAG VALIDATION
46185.253587962965,conductivity,-0.1218748465180397,Negative conductivity NEEDS FACTORY TAG VALIDATION
46185.25359953704,conductivity,-0.1211708560585975,Negative conductivity NEEDS FACTORY TAG VALIDATION
46185.25361111111,conductivity,-0.1204668581485748,Negative conductivity NEEDS FACTORY TAG VALIDATION
46185.253622685195,conductivity,-0.1197628676891326,Negative conductivity NEEDS FACTORY TAG VALIDATION
46185.25363425926,conductivity,-0.1190588772296905,Negative conductivity NEEDS FACTORY TAG VALIDATION
46185.25364583333,conductivity,-0.1183548793196678,Negative conductivity NEEDS FACTORY TAG VALIDATION
46185.25365740741,conductivity,-0.1176508888602256,Negative conductivity NEEDS FACTORY TAG VALIDATION
46185.25366898148,conductivity,-0.1169468984007835,Negative conductivity NEEDS FACTORY TAG VALIDATION
46185.25368055556,conductivity,-0.1162429004907608,Negative conductivity NEEDS FACTORY TAG VALIDATION
46185.25369212963,conductivity,-0.1155389100313186,Negative conductivity NEEDS FACTORY TAG VALIDATION
46185.2537037037,conductivity,-0.1148349195718765,Negative conductivity NEEDS FACTORY TAG VALIDATION
46185.25371527778,conductivity,-0.1141309216618537,Negative conductivity NEEDS FACTORY TAG VALIDATION
46185.25372685185,conductivity,-0.1134269312024116,Negative conductivity NEEDS FACTORY TAG VALIDATION
46185.25373842593,conductivity,-0.1127229407429695,Negative conductivity NEEDS FACTORY TAG VALIDATION
46185.25375,conductivity,-0.1120189428329467,Negative conductivity NEEDS FACTORY TAG VALIDATION
46185.25376157407,conductivity,-0.1113149523735046,Negative conductivity NEEDS FACTORY TAG VALIDATION
46185.25377314815,conductivity,-0.1106109619140625,Negative conductivity NEEDS FACTORY TAG VALIDATION
46185.25378472222,conductivity,-0.1099069640040397,Negative conductivity NEEDS FACTORY TAG VALIDATION
46185.253796296296,conductivity,-0.1092029735445976,Negative conductivity NEEDS FACTORY TAG VALIDATION
46185.253807870366,conductivity,-0.1084989830851554,Negative conductivity NEEDS FACTORY TAG VALIDATION
46185.25381944444,conductivity,-0.1077949851751327,Negative conductivity NEEDS FACTORY TAG VALIDATION
46185.25383101852,conductivity,-0.1070909947156906,Negative conductivity NEEDS FACTORY TAG VALIDATION
46185.2538425926,conductivity,-0.1063870042562484,Negative conductivity NEEDS FACTORY TAG VALIDATION
46185.253854166665,conductivity,-0.1056830063462257,Negative conductivity NEEDS FACTORY TAG VALIDATION
46185.253865740735,conductivity,-0.1049790158867836,Negative conductivity NEEDS FACTORY TAG VALIDATION
46185.253877314804,conductivity,-0.1042750254273414,Negative conductivity NEEDS FACTORY TAG VALIDATION
46185.25388888889,conductivity,-0.1035710275173187,Negative conductivity NEEDS FACTORY TAG VALIDATION
46185.253900462965,conductivity,-0.1028670370578765,Negative conductivity NEEDS FACTORY TAG VALIDATION
46185.25391203704,conductivity,-0.1021630465984344,Negative conductivity NEEDS FACTORY TAG VALIDATION
46185.25392361111,conductivity,-0.1014590486884117,Negative conductivity NEEDS FACTORY TAG VALIDATION
46185.253935185196,conductivity,-0.1007550582289695,Negative conductivity NEEDS FACTORY TAG VALIDATION
46185.25394675926,conductivity,-0.1000510677695274,Negative conductivity NEEDS FACTORY TAG VALIDATION
46185.253958333335,conductivity,-0.0993470698595047,Negative conductivity NEEDS FACTORY TAG VALIDATION
46185.25396990741,conductivity,-0.09864307940006256,Negative conductivity NEEDS FACTORY TAG VALIDATION
46185.25398148148,conductivity,-0.09793908894062042,Negative conductivity NEEDS FACTORY TAG VALIDATION
46185.25399305556,conductivity,-0.09723509103059769,Negative conductivity NEEDS FACTORY TAG VALIDATION
46185.25400462963,conductivity,-0.09653110057115555,Negative conductivity NEEDS FACTORY TAG VALIDATION
46185.2540162037,conductivity,-0.09582711011171342,Negative conductivity NEEDS FACTORY TAG VALIDATION
46185.25402777777,conductivity,-0.09512311220169069,Negative conductivity NEEDS FACTORY TAG VALIDATION
46185.25403935185,conductivity,-0.09441912174224851,Negative conductivity NEEDS FACTORY TAG VALIDATION
46185.25405092593,conductivity,-0.0937151312828064,Negative conductivity NEEDS FACTORY TAG VALIDATION
46185.2540625,conductivity,-0.09301113337278366,Negative conductivity NEEDS FACTORY TAG VALIDATION
46185.25407407407,conductivity,-0.09230714291334152,Negative conductivity NEEDS FACTORY TAG VALIDATION
46185.25408564815,conductivity,-0.09160315245389937,Negative conductivity NEEDS FACTORY TAG VALIDATION
46185.25409722222,conductivity,-0.09089915454387663,Negative conductivity NEEDS FACTORY TAG VALIDATION
46185.254108796296,conductivity,-0.09019516408443451,Negative conductivity NEEDS FACTORY TAG VALIDATION
46185.254120370366,conductivity,-0.08949117362499237,Negative conductivity NEEDS FACTORY TAG VALIDATION
46185.25413194444,conductivity,-0.08878717571496964,Negative conductivity NEEDS FACTORY TAG VALIDATION
46185.25414351852,conductivity,-0.08808318525552748,Negative conductivity NEEDS FACTORY TAG VALIDATION
46185.2541550926,conductivity,-0.08737919479608534,Negative conductivity NEEDS FACTORY TAG VALIDATION
46185.254166666666,conductivity,-0.08667519688606262,Negative conductivity NEEDS FACTORY TAG VALIDATION
46185.254178240735,conductivity,-0.08597120642662048,Negative conductivity NEEDS FACTORY TAG VALIDATION
46185.254189814805,conductivity,-0.08526721596717833,Negative conductivity NEEDS FACTORY TAG VALIDATION
46185.25420138889,conductivity,-0.08456321805715561,Negative conductivity NEEDS FACTORY TAG VALIDATION
46185.254212962966,conductivity,-0.08385922759771347,Negative conductivity NEEDS FACTORY TAG VALIDATION
46185.25422453704,conductivity,-0.08315523713827133,Negative conductivity NEEDS FACTORY TAG VALIDATION
46185.25423611111,conductivity,-0.0824512392282486,Negative conductivity NEEDS FACTORY TAG VALIDATION
46185.25424768519,conductivity,-0.08174724876880646,Negative conductivity NEEDS FACTORY TAG VALIDATION
46185.25425925926,conductivity,-0.08104325830936432,Negative conductivity NEEDS FACTORY TAG VALIDATION
46185.254270833335,conductivity,-0.08033926039934158,Negative conductivity NEEDS FACTORY TAG VALIDATION
46185.254282407404,conductivity,-0.07963526993989944,Negative conductivity NEEDS FACTORY TAG VALIDATION
46185.25429398148,conductivity,-0.07893127948045729,Negative conductivity NEEDS FACTORY TAG VALIDATION
46185.25430555556,conductivity,-0.07822728157043457,Negative conductivity NEEDS FACTORY TAG VALIDATION
46185.25431712963,conductivity,-0.07752329111099243,Negative conductivity NEEDS FACTORY TAG VALIDATION
46185.2543287037,conductivity,-0.07681930065155029,Negative conductivity NEEDS FACTORY TAG VALIDATION
46185.254340277774,conductivity,-0.07611530274152756,Negative conductivity NEEDS FACTORY TAG VALIDATION
46185.25435185185,conductivity,-0.07541131228208542,Negative conductivity NEEDS FACTORY TAG VALIDATION
46185.25436342593,conductivity,-0.07470732182264328,Negative conductivity NEEDS FACTORY TAG VALIDATION
46185.254375,conductivity,-0.07400332391262054,Negative conductivity NEEDS FACTORY TAG VALIDATION
46185.25438657408,conductivity,-0.0732993334531784,Negative conductivity NEEDS FACTORY TAG VALIDATION
46185.25439814815,conductivity,-0.07259534299373625,Negative conductivity NEEDS FACTORY TAG VALIDATION
46185.25440972222,conductivity,-0.07189134508371353,Negative conductivity NEEDS FACTORY TAG VALIDATION
46185.2544212963,conductivity,-0.07118735462427139,Negative conductivity NEEDS FACTORY TAG VALIDATION
46185.254432870366,conductivity,-0.07048336416482925,Negative conductivity NEEDS FACTORY TAG VALIDATION
46185.25444444444,conductivity,-0.06977936625480652,Negative conductivity NEEDS FACTORY TAG VALIDATION
46185.25445601852,conductivity,-0.06907537579536438,Negative conductivity NEEDS FACTORY TAG VALIDATION
46185.25446759258,conductivity,-0.06837138533592224,Negative conductivity NEEDS FACTORY TAG VALIDATION
46185.254479166666,conductivity,-0.0676673874258995,Negative conductivity NEEDS FACTORY TAG VALIDATION
46185.254490740735,conductivity,-0.06696339696645737,Negative conductivity NEEDS FACTORY TAG VALIDATION
46185.254502314805,conductivity,-0.06625940650701523,Negative conductivity NEEDS FACTORY TAG VALIDATION
46185.25451388889,conductivity,-0.06555540859699249,Negative conductivity NEEDS FACTORY TAG VALIDATION
46185.254525462966,conductivity,-0.06485141813755035,Negative conductivity NEEDS FACTORY TAG VALIDATION
46185.25453703704,conductivity,-0.06414742767810822,Negative conductivity NEEDS FACTORY TAG VALIDATION
46185.25454861111,conductivity,-0.06344342976808548,Negative conductivity NEEDS FACTORY TAG VALIDATION
46185.25456018518,conductivity,-0.06273943930864334,Negative conductivity NEEDS FACTORY TAG VALIDATION
46185.25457175926,conductivity,-0.0620354488492012,Negative conductivity NEEDS FACTORY TAG VALIDATION
46185.254583333335,conductivity,-0.061331454664468765,Negative conductivity NEEDS FACTORY TAG VALIDATION
46185.254594907405,conductivity,-0.06062746047973633,Negative conductivity NEEDS FACTORY TAG VALIDATION
46185.25460648148,conductivity,-0.05992347002029418,Negative conductivity NEEDS FACTORY TAG VALIDATION
46185.25461805556,conductivity,-0.05921947583556175,Negative conductivity NEEDS FACTORY TAG VALIDATION
46185.25462962962,conductivity,-0.05851548165082932,Negative conductivity NEEDS FACTORY TAG VALIDATION
46185.254641203705,conductivity,-0.057811491191387177,Negative conductivity NEEDS FACTORY TAG VALIDATION
46185.254652777774,conductivity,-0.05710749700665474,Negative conductivity NEEDS FACTORY TAG VALIDATION
46185.25466435185,conductivity,-0.0564035028219223,Negative conductivity NEEDS FACTORY TAG VALIDATION
46185.25467592593,conductivity,-0.05569951236248016,Negative conductivity NEEDS FACTORY TAG VALIDATION
46185.2546875,conductivity,-0.054995518177747726,Negative conductivity NEEDS FACTORY TAG VALIDATION
46185.25469907408,conductivity,-0.05429152399301529,Negative conductivity NEEDS FACTORY TAG VALIDATION
46185.25471064815,conductivity,-0.05358753353357315,Negative conductivity NEEDS FACTORY TAG VALIDATION
46185.25472222222,conductivity,-0.05288353934884072,Negative conductivity NEEDS FACTORY TAG VALIDATION
46185.2547337963,conductivity,-0.05217954516410828,Negative conductivity NEEDS FACTORY TAG VALIDATION
46185.25474537037,conductivity,-0.05147555470466614,Negative conductivity NEEDS FACTORY TAG VALIDATION
46185.25475694444,conductivity,-0.050771560519933694,Negative conductivity NEEDS FACTORY TAG VALIDATION
46185.25476851852,conductivity,-0.05006756633520126,Negative conductivity NEEDS FACTORY TAG VALIDATION
46185.25478009258,conductivity,-0.049363575875759125,Negative conductivity NEEDS FACTORY TAG VALIDATION
46185.254791666666,conductivity,-0.04865958169102669,Negative conductivity NEEDS FACTORY TAG VALIDATION
46185.254803240736,conductivity,-0.04795558750629425,Negative conductivity NEEDS FACTORY TAG VALIDATION
46185.254814814805,conductivity,-0.04725159704685211,Negative conductivity NEEDS FACTORY TAG VALIDATION
46185.25482638889,conductivity,-0.04654760286211968,Negative conductivity NEEDS FACTORY TAG VALIDATION
46185.254837962966,conductivity,-0.04584360867738724,Negative conductivity NEEDS FACTORY TAG VALIDATION
46185.25484953704,conductivity,-0.0451396182179451,Negative conductivity NEEDS FACTORY TAG VALIDATION
46185.25486111111,conductivity,-0.044435624033212655,Negative conductivity NEEDS FACTORY TAG VALIDATION
46185.25487268518,conductivity,-0.04373162984848023,Negative conductivity NEEDS FACTORY TAG VALIDATION
46185.25488425926,conductivity,-0.043027639389038086,Negative conductivity NEEDS FACTORY TAG VALIDATION
46185.254895833335,conductivity,-0.04232364520430565,Negative conductivity NEEDS FACTORY TAG VALIDATION
46185.254907407405,conductivity,-0.041619651019573205,Negative conductivity NEEDS FACTORY TAG VALIDATION
46185.25491898148,conductivity,-0.04091566056013107,Negative conductivity NEEDS FACTORY TAG VALIDATION
46185.25493055556,conductivity,-0.04021166637539864,Negative conductivity NEEDS FACTORY TAG VALIDATION
46185.25494212962,conductivity,-0.0395076721906662,Negative conductivity NEEDS FACTORY TAG VALIDATION
46185.254953703705,conductivity,-0.03880368173122406,Negative conductivity NEEDS FACTORY TAG VALIDATION
46185.254965277774,conductivity,-0.038099687546491616,Negative conductivity NEEDS FACTORY TAG VALIDATION
46185.25497685185,conductivity,-0.03739569336175919,Negative conductivity NEEDS FACTORY TAG VALIDATION
46185.25498842593,conductivity,-0.03669170290231705,Negative conductivity NEEDS FACTORY TAG VALIDATION
46185.255,conductivity,-0.03598770871758461,Negative conductivity NEEDS FACTORY TAG VALIDATION
46185.25501157408,conductivity,-0.03528371453285217,Negative conductivity NEEDS FACTORY TAG VALIDATION
46185.25502314815,conductivity,-0.034579724073410034,Negative conductivity NEEDS FACTORY TAG VALIDATION
46185.25503472222,conductivity,-0.0338757298886776,Negative conductivity NEEDS FACTORY TAG VALIDATION
46185.2550462963,conductivity,-0.03317173570394516,Negative conductivity NEEDS FACTORY TAG VALIDATION
46185.25505787037,conductivity,-0.03246774524450302,Negative conductivity NEEDS FACTORY TAG VALIDATION
46185.25506944445,conductivity,-0.031763751059770584,Negative conductivity NEEDS FACTORY TAG VALIDATION
46185.25508101852,conductivity,-0.031059758737683296,Negative conductivity NEEDS FACTORY TAG VALIDATION
46185.25509259259,conductivity,-0.030355764552950856,Negative conductivity NEEDS FACTORY TAG VALIDATION
46185.25510416667,conductivity,-0.029651772230863568,Negative conductivity NEEDS FACTORY TAG VALIDATION
46185.255115740736,conductivity,-0.028947779908776283,Negative conductivity NEEDS FACTORY TAG VALIDATION
46185.255127314806,conductivity,-0.02824378572404385,Negative conductivity NEEDS FACTORY TAG VALIDATION
46185.25513888889,conductivity,-0.02753979340195656,Negative conductivity NEEDS FACTORY TAG VALIDATION
46185.25515046297,conductivity,-0.02683580107986927,Negative conductivity NEEDS FACTORY TAG VALIDATION
46185.25516203704,conductivity,-0.026131806895136837,Negative conductivity NEEDS FACTORY TAG VALIDATION
46185.25517361111,conductivity,-0.025427814573049545,Negative conductivity NEEDS FACTORY TAG VALIDATION
46185.25518518518,conductivity,-0.024723822250962257,Negative conductivity NEEDS FACTORY TAG VALIDATION
46185.25519675926,conductivity,-0.02401982806622982,Negative conductivity NEEDS FACTORY TAG VALIDATION
46185.255208333336,conductivity,-0.02331583574414253,Negative conductivity NEEDS FACTORY TAG VALIDATION
46185.255219907405,conductivity,-0.022611843422055244,Negative conductivity NEEDS FACTORY TAG VALIDATION
46185.25523148148,conductivity,-0.021907849237322807,Negative conductivity NEEDS FACTORY TAG VALIDATION
46185.25524305556,conductivity,-0.02120385691523552,Negative conductivity NEEDS FACTORY TAG VALIDATION
46185.25525462962,conductivity,-0.02049986459314823,Negative conductivity NEEDS FACTORY TAG VALIDATION
46185.255266203705,conductivity,-0.019795870408415794,Negative conductivity NEEDS FACTORY TAG VALIDATION
46185.255277777775,conductivity,-0.019091878086328503,Negative conductivity NEEDS FACTORY TAG VALIDATION
46185.25528935185,conductivity,-0.018387885764241215,Negative conductivity NEEDS FACTORY TAG VALIDATION
46185.25530092593,conductivity,-0.01768389157950878,Negative conductivity NEEDS FACTORY TAG VALIDATION
46185.2553125,conductivity,-0.016979899257421494,Negative conductivity NEEDS FACTORY TAG VALIDATION
46185.25532407408,conductivity,-0.016275906935334206,Negative conductivity NEEDS FACTORY TAG VALIDATION
46185.25533564815,conductivity,-0.015571913681924345,Negative conductivity NEEDS FACTORY TAG VALIDATION
46185.25534722222,conductivity,-0.01486792042851448,Negative conductivity NEEDS FACTORY TAG VALIDATION
46185.2553587963,conductivity,-0.014163927175104618,Negative conductivity NEEDS FACTORY TAG VALIDATION
46185.25537037037,conductivity,-0.01345993485301733,Negative conductivity NEEDS FACTORY TAG VALIDATION
46185.25538194445,conductivity,-0.012755941599607468,Negative conductivity NEEDS FACTORY TAG VALIDATION
46185.25539351852,conductivity,-0.01205194927752018,Negative conductivity NEEDS FACTORY TAG VALIDATION
46185.25540509259,conductivity,-0.011347956024110315,Negative conductivity NEEDS FACTORY TAG VALIDATION
46185.25541666667,conductivity,-0.010643962770700456,Negative conductivity NEEDS FACTORY TAG VALIDATION
46185.25542824074,conductivity,-0.009939970448613169,Negative conductivity NEEDS FACTORY TAG VALIDATION
46185.255439814806,conductivity,-0.009235977195203304,Negative conductivity NEEDS FACTORY TAG VALIDATION
46185.25545138889,conductivity,-0.008531983941793444,Negative conductivity NEEDS FACTORY TAG VALIDATION
46185.25546296296,conductivity,-0.007827991619706156,Negative conductivity NEEDS FACTORY TAG VALIDATION
46185.25547453704,conductivity,-0.007123998366296291,Negative conductivity NEEDS FACTORY TAG VALIDATION
46185.25548611111,conductivity,-0.006420005112886429,Negative conductivity NEEDS FACTORY TAG VALIDATION
46185.25549768518,conductivity,-0.005716012325137854,Negative conductivity NEEDS FACTORY TAG VALIDATION
46185.25550925926,conductivity,-0.005012019537389278,Negative conductivity NEEDS FACTORY TAG VALIDATION
46185.255520833336,conductivity,-0.004308026283979416,Negative conductivity NEEDS FACTORY TAG VALIDATION
46185.255532407406,conductivity,-0.0036040334962308407,Negative conductivity NEEDS FACTORY TAG VALIDATION
46185.25554398148,conductivity,-0.002900040708482265,Negative conductivity NEEDS FACTORY TAG VALIDATION
46185.25555555556,conductivity,-0.0021960476879030466,Negative conductivity NEEDS FACTORY TAG VALIDATION
46185.25556712962,conductivity,-0.0014920547837391496,Negative conductivity NEEDS FACTORY TAG VALIDATION
46185.255578703705,conductivity,-0.0007880618213675917,Negative conductivity NEEDS FACTORY TAG VALIDATION
46185.255590277775,conductivity,-8.406888082390651e-05,Negative conductivity NEEDS FACTORY TAG VALIDATION
46185.604317129626,conductivity,-1.8127529983757995e-05,Negative conductivity NEEDS FACTORY TAG VALIDATION
46185.604328703696,conductivity,-0.00029030715813860297,Negative conductivity NEEDS FACTORY TAG VALIDATION
46185.60434027778,conductivity,-0.0005624867626465857,Negative conductivity NEEDS FACTORY TAG VALIDATION
46185.60435185185,conductivity,-0.0008346663671545683,Negative conductivity NEEDS FACTORY TAG VALIDATION
46185.604363425926,conductivity,-0.001106846029870212,Negative conductivity NEEDS FACTORY TAG VALIDATION
46185.604375,conductivity,-0.0013790256343781948,Negative conductivity NEEDS FACTORY TAG VALIDATION
46185.60438657407,conductivity,-0.0016512052388861775,Negative conductivity NEEDS FACTORY TAG VALIDATION
46185.60439814815,conductivity,-0.0019233848433941605,Negative conductivity NEEDS FACTORY TAG VALIDATION
46185.60440972223,conductivity,-0.002195564564317465,Negative conductivity NEEDS FACTORY TAG VALIDATION
46185.604421296295,conductivity,-0.0024677440524101257,Negative conductivity NEEDS FACTORY TAG VALIDATION
46185.604432870365,conductivity,-0.0027399237733334303,Negative conductivity NEEDS FACTORY TAG VALIDATION
46185.60444444444,conductivity,-0.003012103261426091,Negative conductivity NEEDS FACTORY TAG VALIDATION
46185.60445601852,conductivity,-0.003284282982349396,Negative conductivity NEEDS FACTORY TAG VALIDATION
46185.6044675926,conductivity,-0.0035564624704420567,Negative conductivity NEEDS FACTORY TAG VALIDATION
46185.604479166665,conductivity,-0.0038286421913653608,Negative conductivity NEEDS FACTORY TAG VALIDATION
46185.604490740734,conductivity,-0.004100821912288666,Negative conductivity NEEDS FACTORY TAG VALIDATION
46185.60450231482,conductivity,-0.0043730014003813275,Negative conductivity NEEDS FACTORY TAG VALIDATION
46185.60451388889,conductivity,-0.004645180888473988,Negative conductivity NEEDS FACTORY TAG VALIDATION
46185.60452546296,conductivity,-0.004917360842227936,Negative conductivity NEEDS FACTORY TAG VALIDATION
46185.60453703704,conductivity,-0.005189540330320597,Negative conductivity NEEDS FACTORY TAG VALIDATION
46185.60454861111,conductivity,-0.005461719818413258,Negative conductivity NEEDS FACTORY TAG VALIDATION
46185.604560185195,conductivity,-0.005733899306505919,Negative conductivity NEEDS FACTORY TAG VALIDATION
46185.60457175926,conductivity,-0.006006079260259867,Negative conductivity NEEDS FACTORY TAG VALIDATION
46185.60458333333,conductivity,-0.006278258748352528,Negative conductivity NEEDS FACTORY TAG VALIDATION
46185.60459490741,conductivity,-0.0065504382364451885,Negative conductivity NEEDS FACTORY TAG VALIDATION
46185.60460648148,conductivity,-0.006822617724537849,Negative conductivity NEEDS FACTORY TAG VALIDATION
46185.60461805556,conductivity,-0.007094797678291798,Negative conductivity NEEDS FACTORY TAG VALIDATION
46185.604629629626,conductivity,-0.007366977166384458,Negative conductivity NEEDS FACTORY TAG VALIDATION
46185.604641203696,conductivity,-0.007639156654477119,Negative conductivity NEEDS FACTORY TAG VALIDATION
46185.60465277778,conductivity,-0.007911336608231068,Negative conductivity NEEDS FACTORY TAG VALIDATION
46185.60466435185,conductivity,-0.008183515630662441,Negative conductivity NEEDS FACTORY TAG VALIDATION
46185.604675925926,conductivity,-0.00845569558441639,Negative conductivity NEEDS FACTORY TAG VALIDATION
46185.6046875,conductivity,-0.008727875538170338,Negative conductivity NEEDS FACTORY TAG VALIDATION
46185.60469907407,conductivity,-0.00900005456060171,Negative conductivity NEEDS FACTORY TAG VALIDATION
46185.60471064815,conductivity,-0.009272234514355661,Negative conductivity NEEDS FACTORY TAG VALIDATION
46185.60472222222,conductivity,-0.009544414468109608,Negative conductivity NEEDS FACTORY TAG VALIDATION
46185.604733796295,conductivity,-0.00981659349054098,Negative conductivity NEEDS FACTORY TAG VALIDATION
46185.604745370365,conductivity,-0.01008877344429493,Negative conductivity NEEDS FACTORY TAG VALIDATION
46185.60475694444,conductivity,-0.010360953398048878,Negative conductivity NEEDS FACTORY TAG VALIDATION
46185.60476851852,conductivity,-0.010633132420480251,Negative conductivity NEEDS FACTORY TAG VALIDATION
46185.6047800926,conductivity,-0.0109053123742342,Negative conductivity NEEDS FACTORY TAG VALIDATION
46185.604791666665,conductivity,-0.011177491396665571,Negative conductivity NEEDS FACTORY TAG VALIDATION
46185.604803240734,conductivity,-0.01144967135041952,Negative conductivity NEEDS FACTORY TAG VALIDATION
46185.60481481482,conductivity,-0.01172185130417347,Negative conductivity NEEDS FACTORY TAG VALIDATION
46185.60482638889,conductivity,-0.011994030326604843,Negative conductivity NEEDS FACTORY TAG VALIDATION
46185.604837962965,conductivity,-0.012266210280358791,Negative conductivity NEEDS FACTORY TAG VALIDATION
46185.60484953704,conductivity,-0.01253839023411274,Negative conductivity NEEDS FACTORY TAG VALIDATION
46185.60486111111,conductivity,-0.012810569256544111,Negative conductivity NEEDS FACTORY TAG VALIDATION
46185.604872685195,conductivity,-0.01308274921029806,Negative conductivity NEEDS FACTORY TAG VALIDATION
46185.60488425926,conductivity,-0.01335492916405201,Negative conductivity NEEDS FACTORY TAG VALIDATION
46185.60489583333,conductivity,-0.013627108186483383,Negative conductivity NEEDS FACTORY TAG VALIDATION
46185.60490740741,conductivity,-0.013899288140237331,Negative conductivity NEEDS FACTORY TAG VALIDATION
46185.60491898148,conductivity,-0.014171467162668703,Negative conductivity NEEDS FACTORY TAG VALIDATION
46185.60493055556,conductivity,-0.014443647116422651,Negative conductivity NEEDS FACTORY TAG VALIDATION
46185.60494212963,conductivity,-0.0147158270701766,Negative conductivity NEEDS FACTORY TAG VALIDATION
46185.604953703696,conductivity,-0.014988006092607977,Negative conductivity NEEDS FACTORY TAG VALIDATION
46185.60496527778,conductivity,-0.015260186046361923,Negative conductivity NEEDS FACTORY TAG VALIDATION
46185.64565972222,conductivity,-0.0025138654746115208,Negative conductivity NEEDS FACTORY TAG VALIDATION
46185.6456712963,conductivity,-0.03171870484948158,Negative conductivity NEEDS FACTORY TAG VALIDATION
46185.64568287037,conductivity,-0.060923542827367776,Negative conductivity NEEDS FACTORY TAG VALIDATION
46185.64569444445,conductivity,-0.060857824981212616,Negative conductivity NEEDS FACTORY TAG VALIDATION
46185.64570601852,conductivity,-0.06067416816949845,Negative conductivity NEEDS FACTORY TAG VALIDATION
46185.64571759259,conductivity,-0.06049051135778427,Negative conductivity NEEDS FACTORY TAG VALIDATION
46185.64572916667,conductivity,-0.0603068545460701,Negative conductivity NEEDS FACTORY TAG VALIDATION
46185.645740740736,conductivity,-0.060123197734355927,Negative conductivity NEEDS FACTORY TAG VALIDATION
46185.645752314806,conductivity,-0.05993954092264176,Negative conductivity NEEDS FACTORY TAG VALIDATION
46185.64576388889,conductivity,-0.05975588411092758,Negative conductivity NEEDS FACTORY TAG VALIDATION
46185.64577546297,conductivity,-0.05957222729921341,Negative conductivity NEEDS FACTORY TAG VALIDATION
46185.64578703704,conductivity,-0.05938857048749924,Negative conductivity NEEDS FACTORY TAG VALIDATION
46185.64579861111,conductivity,-0.059204913675785065,Negative conductivity NEEDS FACTORY TAG VALIDATION
46185.64581018518,conductivity,-0.059021256864070885,Negative conductivity NEEDS FACTORY TAG VALIDATION
46185.64582175926,conductivity,-0.05883760005235672,Negative conductivity NEEDS FACTORY TAG VALIDATION
46185.645833333336,conductivity,-0.058653943240642555,Negative conductivity NEEDS FACTORY TAG VALIDATION
46185.645844907405,conductivity,-0.05847028270363808,Negative conductivity NEEDS FACTORY TAG VALIDATION
46185.64585648148,conductivity,-0.058286625891923904,Negative conductivity NEEDS FACTORY TAG VALIDATION
46185.64586805556,conductivity,-0.058102969080209725,Negative conductivity NEEDS FACTORY TAG VALIDATION
46185.64587962962,conductivity,-0.05791931226849556,Negative conductivity NEEDS FACTORY TAG VALIDATION
46185.645891203705,conductivity,-0.05773565545678139,Negative conductivity NEEDS FACTORY TAG VALIDATION
46185.645902777775,conductivity,-0.057551998645067215,Negative conductivity NEEDS FACTORY TAG VALIDATION
46185.64591435185,conductivity,-0.05736834183335304,Negative conductivity NEEDS FACTORY TAG VALIDATION
46185.64592592593,conductivity,-0.05718468502163887,Negative conductivity NEEDS FACTORY TAG VALIDATION
46185.6459375,conductivity,-0.0570010282099247,Negative conductivity NEEDS FACTORY TAG VALIDATION
46185.64594907408,conductivity,-0.056817371398210526,Negative conductivity NEEDS FACTORY TAG VALIDATION
46185.64596064815,conductivity,-0.05663371458649635,Negative conductivity NEEDS FACTORY TAG VALIDATION
46185.64597222222,conductivity,-0.056450057774782174,Negative conductivity NEEDS FACTORY TAG VALIDATION
46185.6459837963,conductivity,-0.05626640096306801,Negative conductivity NEEDS FACTORY TAG VALIDATION
46185.64599537037,conductivity,-0.05608274415135384,Negative conductivity NEEDS FACTORY TAG VALIDATION
46185.64600694445,conductivity,-0.055899087339639664,Negative conductivity NEEDS FACTORY TAG VALIDATION
46185.64601851852,conductivity,-0.05571543052792549,Negative conductivity NEEDS FACTORY TAG VALIDATION
46185.64603009259,conductivity,-0.05553177371621132,Negative conductivity NEEDS FACTORY TAG VALIDATION
46185.64604166667,conductivity,-0.05534811690449715,Negative conductivity NEEDS FACTORY TAG VALIDATION
46185.64605324074,conductivity,-0.055164460092782974,Negative conductivity NEEDS FACTORY TAG VALIDATION
46185.646064814806,conductivity,-0.0549808032810688,Negative conductivity NEEDS FACTORY TAG VALIDATION
46185.64607638889,conductivity,-0.05479714646935463,Negative conductivity NEEDS FACTORY TAG VALIDATION
46185.64608796296,conductivity,-0.05461348965764046,Negative conductivity NEEDS FACTORY TAG VALIDATION
46185.64609953704,conductivity,-0.054429832845926285,Negative conductivity NEEDS FACTORY TAG VALIDATION
46185.64611111111,conductivity,-0.05424617603421211,Negative conductivity NEEDS FACTORY TAG VALIDATION
46185.64612268518,conductivity,-0.05406251922249794,Negative conductivity NEEDS FACTORY TAG VALIDATION
46185.64613425926,conductivity,-0.05387886241078377,Negative conductivity NEEDS FACTORY TAG VALIDATION
46185.646145833336,conductivity,-0.0536952055990696,Negative conductivity NEEDS FACTORY TAG VALIDATION
46185.646157407406,conductivity,-0.05351154878735542,Negative conductivity NEEDS FACTORY TAG VALIDATION
46185.64616898148,conductivity,-0.05332789197564125,Negative conductivity NEEDS FACTORY TAG VALIDATION
46185.64618055556,conductivity,-0.05314423516392708,Negative conductivity NEEDS FACTORY TAG VALIDATION
46185.64619212962,conductivity,-0.052960578352212906,Negative conductivity NEEDS FACTORY TAG VALIDATION
46185.646203703705,conductivity,-0.052776921540498734,Negative conductivity NEEDS FACTORY TAG VALIDATION
46185.646215277775,conductivity,-0.05259326472878456,Negative conductivity NEEDS FACTORY TAG VALIDATION
46185.646226851844,conductivity,-0.05240960791707039,Negative conductivity NEEDS FACTORY TAG VALIDATION
46185.64623842593,conductivity,-0.052225951105356216,Negative conductivity NEEDS FACTORY TAG VALIDATION
46185.64625,conductivity,-0.05204229429364205,Negative conductivity NEEDS FACTORY TAG VALIDATION
46185.64626157408,conductivity,-0.05185863748192787,Negative conductivity NEEDS FACTORY TAG VALIDATION
46185.64627314815,conductivity,-0.0516749806702137,Negative conductivity NEEDS FACTORY TAG VALIDATION
46185.64628472222,conductivity,-0.05149132385849953,Negative conductivity NEEDS FACTORY TAG VALIDATION
46185.6462962963,conductivity,-0.05130766704678536,Negative conductivity NEEDS FACTORY TAG VALIDATION
46185.64630787037,conductivity,-0.05112401023507118,Negative conductivity NEEDS FACTORY TAG VALIDATION
46185.64631944445,conductivity,-0.05094034969806671,Negative conductivity NEEDS FACTORY TAG VALIDATION
46185.64633101852,conductivity,-0.05075669288635254,Negative conductivity NEEDS FACTORY TAG VALIDATION
46185.64634259259,conductivity,-0.05057303607463837,Negative conductivity NEEDS FACTORY TAG VALIDATION
46185.64635416667,conductivity,-0.050389379262924194,Negative conductivity NEEDS FACTORY TAG VALIDATION
46185.64636574074,conductivity,-0.050205722451210015,Negative conductivity NEEDS FACTORY TAG VALIDATION
46185.646377314806,conductivity,-0.05002206563949585,Negative conductivity NEEDS FACTORY TAG VALIDATION
46185.64638888889,conductivity,-0.04983840882778168,Negative conductivity NEEDS FACTORY TAG VALIDATION
46185.64640046296,conductivity,-0.04965475201606751,Negative conductivity NEEDS FACTORY TAG VALIDATION
46185.64641203704,conductivity,-0.049471095204353326,Negative conductivity NEEDS FACTORY TAG VALIDATION
46185.64642361111,conductivity,-0.04928743839263916,Negative conductivity NEEDS FACTORY TAG VALIDATION
46185.64643518518,conductivity,-0.04910378158092498,Negative conductivity NEEDS FACTORY TAG VALIDATION
46185.64644675926,conductivity,-0.048920124769210815,Negative conductivity NEEDS FACTORY TAG VALIDATION
46185.646458333336,conductivity,-0.04873646795749664,Negative conductivity NEEDS FACTORY TAG VALIDATION
46185.646469907406,conductivity,-0.04855281114578247,Negative conductivity NEEDS FACTORY TAG VALIDATION
46185.64648148148,conductivity,-0.0483691543340683,Negative conductivity NEEDS FACTORY TAG VALIDATION
46185.64649305555,conductivity,-0.048185497522354126,Negative conductivity NEEDS FACTORY TAG VALIDATION
46185.64650462962,conductivity,-0.048001840710639954,Negative conductivity NEEDS FACTORY TAG VALIDATION
46185.646516203706,conductivity,-0.047818183898925774,Negative conductivity NEEDS FACTORY TAG VALIDATION
46185.646527777775,conductivity,-0.04763452708721161,Negative conductivity NEEDS FACTORY TAG VALIDATION
46185.646539351845,conductivity,-0.04745087027549744,Negative conductivity NEEDS FACTORY TAG VALIDATION
46185.64655092593,conductivity,-0.047267213463783264,Negative conductivity NEEDS FACTORY TAG VALIDATION
46185.6465625,conductivity,-0.047083556652069085,Negative conductivity NEEDS FACTORY TAG VALIDATION
46185.64657407408,conductivity,-0.04689989984035492,Negative conductivity NEEDS FACTORY TAG VALIDATION
46185.64658564815,conductivity,-0.04671624302864075,Negative conductivity NEEDS FACTORY TAG VALIDATION
46185.64659722222,conductivity,-0.046532586216926575,Negative conductivity NEEDS FACTORY TAG VALIDATION
46185.6466087963,conductivity,-0.0463489294052124,Negative conductivity NEEDS FACTORY TAG VALIDATION
46185.64662037037,conductivity,-0.04616527259349823,Negative conductivity NEEDS FACTORY TAG VALIDATION
46185.646631944444,conductivity,-0.04598161578178406,Negative conductivity NEEDS FACTORY TAG VALIDATION
46185.64664351852,conductivity,-0.045797958970069885,Negative conductivity NEEDS FACTORY TAG VALIDATION
46185.64665509259,conductivity,-0.04561430215835571,Negative conductivity NEEDS FACTORY TAG VALIDATION
46185.64666666667,conductivity,-0.045430645346641534,Negative conductivity NEEDS FACTORY TAG VALIDATION
46185.64667824074,conductivity,-0.04524698853492737,Negative conductivity NEEDS FACTORY TAG VALIDATION
46185.646689814814,conductivity,-0.0450633317232132,Negative conductivity NEEDS FACTORY TAG VALIDATION
46185.64670138889,conductivity,-0.04487967491149902,Negative conductivity NEEDS FACTORY TAG VALIDATION
46185.64671296296,conductivity,-0.04469601809978485,Negative conductivity NEEDS FACTORY TAG VALIDATION
46185.64672453704,conductivity,-0.04451236128807068,Negative conductivity NEEDS FACTORY TAG VALIDATION
46185.64673611112,conductivity,-0.044328704476356506,Negative conductivity NEEDS FACTORY TAG VALIDATION
46185.64674768518,conductivity,-0.044145047664642334,Negative conductivity NEEDS FACTORY TAG VALIDATION
46185.64675925926,conductivity,-0.04396139085292816,Negative conductivity NEEDS FACTORY TAG VALIDATION
46185.64677083334,conductivity,-0.04377773404121399,Negative conductivity NEEDS FACTORY TAG VALIDATION
46185.646782407406,conductivity,-0.04359407722949982,Negative conductivity NEEDS FACTORY TAG VALIDATION
46185.64679398148,conductivity,-0.04341041669249535,Negative conductivity NEEDS FACTORY TAG VALIDATION
46185.64680555555,conductivity,-0.04322675988078117,Negative conductivity NEEDS FACTORY TAG VALIDATION
46185.64681712962,conductivity,-0.043043103069067,Negative conductivity NEEDS FACTORY TAG VALIDATION
46185.646828703706,conductivity,-0.04285944625735282,Negative conductivity NEEDS FACTORY TAG VALIDATION
46185.646840277775,conductivity,-0.04267578944563866,Negative conductivity NEEDS FACTORY TAG VALIDATION
46185.646851851845,conductivity,-0.04249213263392448,Negative conductivity NEEDS FACTORY TAG VALIDATION
46185.64686342593,conductivity,-0.04230847582221031,Negative conductivity NEEDS FACTORY TAG VALIDATION
46185.646875,conductivity,-0.04212481901049614,Negative conductivity NEEDS FACTORY TAG VALIDATION
46185.64688657408,conductivity,-0.04194116219878197,Negative conductivity NEEDS FACTORY TAG VALIDATION
46185.64689814815,conductivity,-0.0417575053870678,Negative conductivity NEEDS FACTORY TAG VALIDATION
46185.64690972222,conductivity,-0.041573848575353615,Negative conductivity NEEDS FACTORY TAG VALIDATION
46185.6469212963,conductivity,-0.04139019176363945,Negative conductivity NEEDS FACTORY TAG VALIDATION
46185.64693287037,conductivity,-0.04120653495192528,Negative conductivity NEEDS FACTORY TAG VALIDATION
46185.646944444445,conductivity,-0.04102287814021111,Negative conductivity NEEDS FACTORY TAG VALIDATION
46185.64695601852,conductivity,-0.040839221328496926,Negative conductivity NEEDS FACTORY TAG VALIDATION
46185.64696759259,conductivity,-0.04065556451678276,Negative conductivity NEEDS FACTORY TAG VALIDATION
46185.64697916666,conductivity,-0.04047190770506858,Negative conductivity NEEDS FACTORY TAG VALIDATION
46185.64699074074,conductivity,-0.040288250893354416,Negative conductivity NEEDS FACTORY TAG VALIDATION
46185.647002314814,conductivity,-0.04010459408164024,Negative conductivity NEEDS FACTORY TAG VALIDATION
46185.64701388889,conductivity,-0.03992093726992607,Negative conductivity NEEDS FACTORY TAG VALIDATION
46185.64702546296,conductivity,-0.0397372804582119,Negative conductivity NEEDS FACTORY TAG VALIDATION
46185.64703703704,conductivity,-0.039553623646497726,Negative conductivity NEEDS FACTORY TAG VALIDATION
46185.64704861112,conductivity,-0.039369966834783554,Negative conductivity NEEDS FACTORY TAG VALIDATION
46185.64706018518,conductivity,-0.039186310023069375,Negative conductivity NEEDS FACTORY TAG VALIDATION
46185.64707175926,conductivity,-0.03900265321135521,Negative conductivity NEEDS FACTORY TAG VALIDATION
46185.64708333334,conductivity,-0.03881899639964104,Negative conductivity NEEDS FACTORY TAG VALIDATION
46185.64709490741,conductivity,-0.03863533958792687,Negative conductivity NEEDS FACTORY TAG VALIDATION
46185.64710648148,conductivity,-0.038451682776212685,Negative conductivity NEEDS FACTORY TAG VALIDATION
46185.64711805555,conductivity,-0.03826802596449852,Negative conductivity NEEDS FACTORY TAG VALIDATION
46185.64712962962,conductivity,-0.03808436915278434,Negative conductivity NEEDS FACTORY TAG VALIDATION
46185.647141203706,conductivity,-0.037900712341070175,Negative conductivity NEEDS FACTORY TAG VALIDATION
46185.647152777776,conductivity,-0.037717055529356,Negative conductivity NEEDS FACTORY TAG VALIDATION
46185.647164351845,conductivity,-0.03753339871764183,Negative conductivity NEEDS FACTORY TAG VALIDATION
46185.64717592593,conductivity,-0.03734974190592766,Negative conductivity NEEDS FACTORY TAG VALIDATION
46185.6471875,conductivity,-0.037166085094213486,Negative conductivity NEEDS FACTORY TAG VALIDATION
46185.64719907408,conductivity,-0.03698242828249931,Negative conductivity NEEDS FACTORY TAG VALIDATION
46185.64721064815,conductivity,-0.036798771470785134,Negative conductivity NEEDS FACTORY TAG VALIDATION
46185.64722222222,conductivity,-0.03661511465907097,Negative conductivity NEEDS FACTORY TAG VALIDATION
46185.6472337963,conductivity,-0.0364314578473568,Negative conductivity NEEDS FACTORY TAG VALIDATION
46185.64724537037,conductivity,-0.036247801035642624,Negative conductivity NEEDS FACTORY TAG VALIDATION
46185.647256944445,conductivity,-0.03606414049863815,Negative conductivity NEEDS FACTORY TAG VALIDATION
46185.64726851852,conductivity,-0.03588048368692398,Negative conductivity NEEDS FACTORY TAG VALIDATION
46185.64728009259,conductivity,-0.03569682687520981,Negative conductivity NEEDS FACTORY TAG VALIDATION
46185.64729166666,conductivity,-0.03551317006349564,Negative conductivity NEEDS FACTORY TAG VALIDATION
46185.64730324074,conductivity,-0.035329513251781464,Negative conductivity NEEDS FACTORY TAG VALIDATION
46185.647314814814,conductivity,-0.03514585644006729,Negative conductivity NEEDS FACTORY TAG VALIDATION
46185.64732638889,conductivity,-0.03496219962835312,Negative conductivity NEEDS FACTORY TAG VALIDATION
46185.64733796296,conductivity,-0.03477854281663895,Negative conductivity NEEDS FACTORY TAG VALIDATION
46185.64734953704,conductivity,-0.034594886004924774,Negative conductivity NEEDS FACTORY TAG VALIDATION
46185.64736111112,conductivity,-0.0344112291932106,Negative conductivity NEEDS FACTORY TAG VALIDATION
46185.647372685184,conductivity,-0.03422757238149643,Negative conductivity NEEDS FACTORY TAG VALIDATION
46185.64738425926,conductivity,-0.03404391556978226,Negative conductivity NEEDS FACTORY TAG VALIDATION
46185.64739583333,conductivity,-0.033860258758068085,Negative conductivity NEEDS FACTORY TAG VALIDATION
46185.64740740741,conductivity,-0.03367660194635391,Negative conductivity NEEDS FACTORY TAG VALIDATION
46185.64741898148,conductivity,-0.03349294513463974,Negative conductivity NEEDS FACTORY TAG VALIDATION
46185.64743055555,conductivity,-0.03330928832292557,Negative conductivity NEEDS FACTORY TAG VALIDATION
46185.64744212963,conductivity,-0.033125631511211395,Negative conductivity NEEDS FACTORY TAG VALIDATION
46185.64745370371,conductivity,-0.03294197469949722,Negative conductivity NEEDS FACTORY TAG VALIDATION
46185.647465277776,conductivity,-0.03275831788778305,Negative conductivity NEEDS FACTORY TAG VALIDATION
46185.647476851846,conductivity,-0.03257466107606888,Negative conductivity NEEDS FACTORY TAG VALIDATION
46185.64748842592,conductivity,-0.032391004264354706,Negative conductivity NEEDS FACTORY TAG VALIDATION
46185.6475,conductivity,-0.03220734745264053,Negative conductivity NEEDS FACTORY TAG VALIDATION
46185.64751157408,conductivity,-0.03202369064092636,Negative conductivity NEEDS FACTORY TAG VALIDATION
46185.64752314815,conductivity,-0.03184003382921219,Negative conductivity NEEDS FACTORY TAG VALIDATION
46185.64753472222,conductivity,-0.031656377017498016,Negative conductivity NEEDS FACTORY TAG VALIDATION
46185.6475462963,conductivity,-0.031472720205783844,Negative conductivity NEEDS FACTORY TAG VALIDATION
46185.64755787037,conductivity,-0.03128906339406967,Negative conductivity NEEDS FACTORY TAG VALIDATION
46185.647569444445,conductivity,-0.031105406582355496,Negative conductivity NEEDS FACTORY TAG VALIDATION
46185.64758101852,conductivity,-0.030921749770641327,Negative conductivity NEEDS FACTORY TAG VALIDATION
46185.64759259259,conductivity,-0.030738092958927155,Negative conductivity NEEDS FACTORY TAG VALIDATION
46185.64760416666,conductivity,-0.030554434284567836,Negative conductivity NEEDS FACTORY TAG VALIDATION
46185.64761574074,conductivity,-0.03037077747285366,Negative conductivity NEEDS FACTORY TAG VALIDATION
46185.647627314815,conductivity,-0.030187120661139488,Negative conductivity NEEDS FACTORY TAG VALIDATION
46185.64763888889,conductivity,-0.03000346384942532,Negative conductivity NEEDS FACTORY TAG VALIDATION
46185.64765046296,conductivity,-0.029819807037711143,Negative conductivity NEEDS FACTORY TAG VALIDATION
46185.64766203704,conductivity,-0.029636150225996968,Negative conductivity NEEDS FACTORY TAG VALIDATION
46185.64767361112,conductivity,-0.0294524934142828,Negative conductivity NEEDS FACTORY TAG VALIDATION
46185.647685185184,conductivity,-0.029268836602568623,Negative conductivity NEEDS FACTORY TAG VALIDATION
46185.64769675926,conductivity,-0.02908517979085445,Negative conductivity NEEDS FACTORY TAG VALIDATION
46185.64770833333,conductivity,-0.02890152297914028,Negative conductivity NEEDS FACTORY TAG VALIDATION
46185.64771990741,conductivity,-0.02871786616742611,Negative conductivity NEEDS FACTORY TAG VALIDATION
46185.64773148149,conductivity,-0.028534209355711937,Negative conductivity NEEDS FACTORY TAG VALIDATION
46185.64774305555,conductivity,-0.028350552543997765,Negative conductivity NEEDS FACTORY TAG VALIDATION
46185.64775462963,conductivity,-0.028166895732283592,Negative conductivity NEEDS FACTORY TAG VALIDATION
46185.64776620371,conductivity,-0.02798323892056942,Negative conductivity NEEDS FACTORY TAG VALIDATION
46185.647777777776,conductivity,-0.027799582108855247,Negative conductivity NEEDS FACTORY TAG VALIDATION
46185.647789351846,conductivity,-0.027615925297141075,Negative conductivity NEEDS FACTORY TAG VALIDATION
46185.64780092592,conductivity,-0.027432268485426903,Negative conductivity NEEDS FACTORY TAG VALIDATION
46185.6478125,conductivity,-0.02724861167371273,Negative conductivity NEEDS FACTORY TAG VALIDATION
46185.64782407408,conductivity,-0.02706495486199856,Negative conductivity NEEDS FACTORY TAG VALIDATION
46185.64783564815,conductivity,-0.026881298050284386,Negative conductivity NEEDS FACTORY TAG VALIDATION
46185.64784722222,conductivity,-0.026697639375925064,Negative conductivity NEEDS FACTORY TAG VALIDATION
46185.6478587963,conductivity,-0.026513982564210888,Negative conductivity NEEDS FACTORY TAG VALIDATION
46185.64787037037,conductivity,-0.02633032575249672,Negative conductivity NEEDS FACTORY TAG VALIDATION
46185.647881944446,conductivity,-0.026146668940782547,Negative conductivity NEEDS FACTORY TAG VALIDATION
46185.64789351852,conductivity,-0.02596301212906837,Negative conductivity NEEDS FACTORY TAG VALIDATION
46185.64790509259,conductivity,-0.0257793553173542,Negative conductivity NEEDS FACTORY TAG VALIDATION
46185.64791666666,conductivity,-0.02559569850564003,Negative conductivity NEEDS FACTORY TAG VALIDATION
46185.64792824074,conductivity,-0.025412041693925858,Negative conductivity NEEDS FACTORY TAG VALIDATION
46185.647939814815,conductivity,-0.025228384882211685,Negative conductivity NEEDS FACTORY TAG VALIDATION
46185.647951388884,conductivity,-0.025044728070497516,Negative conductivity NEEDS FACTORY TAG VALIDATION
46185.64796296296,conductivity,-0.02486107125878334,Negative conductivity NEEDS FACTORY TAG VALIDATION
46185.64797453704,conductivity,-0.024677414447069168,Negative conductivity NEEDS FACTORY TAG VALIDATION
46185.64798611112,conductivity,-0.024493757635355,Negative conductivity NEEDS FACTORY TAG VALIDATION
46185.647997685184,conductivity,-0.024310100823640823,Negative conductivity NEEDS FACTORY TAG VALIDATION
46185.64800925926,conductivity,-0.024126444011926648,Negative conductivity NEEDS FACTORY TAG VALIDATION
46185.64802083333,conductivity,-0.02394278720021248,Negative conductivity NEEDS FACTORY TAG VALIDATION
46185.64803240741,conductivity,-0.023759130388498303,Negative conductivity NEEDS FACTORY TAG VALIDATION
46185.64804398149,conductivity,-0.02357547357678413,Negative conductivity NEEDS FACTORY TAG VALIDATION
46185.64805555555,conductivity,-0.02339181676506996,Negative conductivity NEEDS FACTORY TAG VALIDATION
46185.64806712963,conductivity,-0.02320815995335579,Negative conductivity NEEDS FACTORY TAG VALIDATION
46185.64807870371,conductivity,-0.023024501278996468,Negative conductivity NEEDS FACTORY TAG VALIDATION
46185.64809027778,conductivity,-0.022840844467282292,Negative conductivity NEEDS FACTORY TAG VALIDATION
46185.648101851846,conductivity,-0.022657187655568123,Negative conductivity NEEDS FACTORY TAG VALIDATION
46185.64811342592,conductivity,-0.02247353084385395,Negative conductivity NEEDS FACTORY TAG VALIDATION
46185.648125,conductivity,-0.022289874032139775,Negative conductivity NEEDS FACTORY TAG VALIDATION
46185.64813657408,conductivity,-0.02210621722042561,Negative conductivity NEEDS FACTORY TAG VALIDATION
46185.64814814815,conductivity,-0.021922560408711437,Negative conductivity NEEDS FACTORY TAG VALIDATION
46185.64815972222,conductivity,-0.02173890359699726,Negative conductivity NEEDS FACTORY TAG VALIDATION
46185.6481712963,conductivity,-0.02155524678528309,Negative conductivity NEEDS FACTORY TAG VALIDATION
46185.64818287037,conductivity,-0.02137158997356892,Negative conductivity NEEDS FACTORY TAG VALIDATION
46185.648194444446,conductivity,-0.021187933161854744,Negative conductivity NEEDS FACTORY TAG VALIDATION
46185.64820601852,conductivity,-0.021004276350140568,Negative conductivity NEEDS FACTORY TAG VALIDATION
46185.64821759259,conductivity,-0.0208206195384264,Negative conductivity NEEDS FACTORY TAG VALIDATION
46185.64822916666,conductivity,-0.020636962726712227,Negative conductivity NEEDS FACTORY TAG VALIDATION
46185.64824074074,conductivity,-0.02045330591499805,Negative conductivity NEEDS FACTORY TAG VALIDATION
46185.648252314815,conductivity,-0.02026964910328388,Negative conductivity NEEDS FACTORY TAG VALIDATION
46185.648263888885,conductivity,-0.02008599229156971,Negative conductivity NEEDS FACTORY TAG VALIDATION
46185.64827546296,conductivity,-0.019902335479855537,Negative conductivity NEEDS FACTORY TAG VALIDATION
46185.64828703704,conductivity,-0.019718678668141365,Negative conductivity NEEDS FACTORY TAG VALIDATION
46185.648298611115,conductivity,-0.019535021856427196,Negative conductivity NEEDS FACTORY TAG VALIDATION
46185.64831018519,conductivity,-0.01935136318206787,Negative conductivity NEEDS FACTORY TAG VALIDATION
46185.64832175926,conductivity,-0.019167706370353695,Negative conductivity NEEDS FACTORY TAG VALIDATION
46185.64833333333,conductivity,-0.018984049558639526,Negative conductivity NEEDS FACTORY TAG VALIDATION
46185.64834490741,conductivity,-0.018800392746925357,Negative conductivity NEEDS FACTORY TAG VALIDATION
46185.648356481484,conductivity,-0.018616735935211185,Negative conductivity NEEDS FACTORY TAG VALIDATION
46185.648368055554,conductivity,-0.01843307912349701,Negative conductivity NEEDS FACTORY TAG VALIDATION
46185.64837962963,conductivity,-0.01824942231178284,Negative conductivity NEEDS FACTORY TAG VALIDATION
46185.6483912037,conductivity,-0.018065765500068665,Negative conductivity NEEDS FACTORY TAG VALIDATION
46185.64840277778,conductivity,-0.017882108688354492,Negative conductivity NEEDS FACTORY TAG VALIDATION
46185.648414351854,conductivity,-0.01769845187664032,Negative conductivity NEEDS FACTORY TAG VALIDATION
46185.64842592592,conductivity,-0.017514795064926147,Negative conductivity NEEDS FACTORY TAG VALIDATION
46185.6484375,conductivity,-0.017331138253211975,Negative conductivity NEEDS FACTORY TAG VALIDATION
46185.64844907408,conductivity,-0.017147481441497803,Negative conductivity NEEDS FACTORY TAG VALIDATION
46185.64846064815,conductivity,-0.01696382462978363,Negative conductivity NEEDS FACTORY TAG VALIDATION
46185.64847222222,conductivity,-0.016780167818069458,Negative conductivity NEEDS FACTORY TAG VALIDATION
46185.6484837963,conductivity,-0.016596511006355286,Negative conductivity NEEDS FACTORY TAG VALIDATION
46185.64849537037,conductivity,-0.016412854194641113,Negative conductivity NEEDS FACTORY TAG VALIDATION
46185.648506944446,conductivity,-0.01622919738292694,Negative conductivity NEEDS FACTORY TAG VALIDATION
46185.64851851852,conductivity,-0.01604554057121277,Negative conductivity NEEDS FACTORY TAG VALIDATION
46185.64853009259,conductivity,-0.015861883759498596,Negative conductivity NEEDS FACTORY TAG VALIDATION
46185.64854166666,conductivity,-0.015678226947784424,Negative conductivity NEEDS FACTORY TAG VALIDATION
46185.64855324074,conductivity,-0.015494569204747677,Negative conductivity NEEDS FACTORY TAG VALIDATION
46185.648564814815,conductivity,-0.015310912393033504,Negative conductivity NEEDS FACTORY TAG VALIDATION
46185.648576388885,conductivity,-0.015127255581319332,Negative conductivity NEEDS FACTORY TAG VALIDATION
46185.64858796296,conductivity,-0.01494359876960516,Negative conductivity NEEDS FACTORY TAG VALIDATION
46185.64859953704,conductivity,-0.014759941957890987,Negative conductivity NEEDS FACTORY TAG VALIDATION
46185.648611111115,conductivity,-0.01457628421485424,Negative conductivity NEEDS FACTORY TAG VALIDATION
46185.64862268519,conductivity,-0.014392627403140068,Negative conductivity NEEDS FACTORY TAG VALIDATION
46185.64863425926,conductivity,-0.014208970591425896,Negative conductivity NEEDS FACTORY TAG VALIDATION
46185.64864583333,conductivity,-0.014025313779711723,Negative conductivity NEEDS FACTORY TAG VALIDATION
46185.64865740741,conductivity,-0.013841656967997553,Negative conductivity NEEDS FACTORY TAG VALIDATION
46185.648668981485,conductivity,-0.01365800015628338,Negative conductivity NEEDS FACTORY TAG VALIDATION
46185.648680555554,conductivity,-0.013474343344569206,Negative conductivity NEEDS FACTORY TAG VALIDATION
46185.64869212963,conductivity,-0.013290686532855034,Negative conductivity NEEDS FACTORY TAG VALIDATION
46185.6487037037,conductivity,-0.013107029721140862,Negative conductivity NEEDS FACTORY TAG VALIDATION
46185.64871527778,conductivity,-0.012923372909426687,Negative conductivity NEEDS FACTORY TAG VALIDATION
46185.648726851854,conductivity,-0.012739715166389942,Negative conductivity NEEDS FACTORY TAG VALIDATION
46185.64873842592,conductivity,-0.01255605835467577,Negative conductivity NEEDS FACTORY TAG VALIDATION
46185.64875,conductivity,-0.012372401542961596,Negative conductivity NEEDS FACTORY TAG VALIDATION
46185.64876157408,conductivity,-0.012188744731247423,Negative conductivity NEEDS FACTORY TAG VALIDATION
46185.648773148154,conductivity,-0.012005087919533253,Negative conductivity NEEDS FACTORY TAG VALIDATION
46185.64878472222,conductivity,-0.01182143110781908,Negative conductivity NEEDS FACTORY TAG VALIDATION
46185.648796296286,conductivity,-0.011637774296104908,Negative conductivity NEEDS FACTORY TAG VALIDATION
46185.64880787037,conductivity,-0.011454117484390736,Negative conductivity NEEDS FACTORY TAG VALIDATION
46185.64881944445,conductivity,-0.011270460672676563,Negative conductivity NEEDS FACTORY TAG VALIDATION
46185.64883101852,conductivity,-0.011086803860962393,Negative conductivity NEEDS FACTORY TAG VALIDATION
46185.64884259259,conductivity,-0.010903146117925644,Negative conductivity NEEDS FACTORY TAG VALIDATION
46185.64885416666,conductivity,-0.010719489306211472,Negative conductivity NEEDS FACTORY TAG VALIDATION
46185.64886574074,conductivity,-0.0105358324944973,Negative conductivity NEEDS FACTORY TAG VALIDATION
46185.648877314816,conductivity,-0.010352175682783129,Negative conductivity NEEDS FACTORY TAG VALIDATION
46185.648888888885,conductivity,-0.010168518871068954,Negative conductivity NEEDS FACTORY TAG VALIDATION
46185.64890046296,conductivity,-0.009984862059354782,Negative conductivity NEEDS FACTORY TAG VALIDATION
46185.64891203704,conductivity,-0.009801205247640608,Negative conductivity NEEDS FACTORY TAG VALIDATION
46185.648923611116,conductivity,-0.009617548435926436,Negative conductivity NEEDS FACTORY TAG VALIDATION
46185.64893518519,conductivity,-0.009433891624212263,Negative conductivity NEEDS FACTORY TAG VALIDATION
46185.64894675926,conductivity,-0.009250234812498093,Negative conductivity NEEDS FACTORY TAG VALIDATION
46185.64895833333,conductivity,-0.009066577069461344,Negative conductivity NEEDS FACTORY TAG VALIDATION
46185.64896990741,conductivity,-0.008882920257747173,Negative conductivity NEEDS FACTORY TAG VALIDATION
46185.648981481485,conductivity,-0.008699263446033001,Negative conductivity NEEDS FACTORY TAG VALIDATION
46185.648993055554,conductivity,-0.008515606634318829,Negative conductivity NEEDS FACTORY TAG VALIDATION
46185.64900462963,conductivity,-0.008331949822604656,Negative conductivity NEEDS FACTORY TAG VALIDATION
46185.64901620369,conductivity,-0.008148293010890486,Negative conductivity NEEDS FACTORY TAG VALIDATION
46185.64902777778,conductivity,-0.00796463619917631,Negative conductivity NEEDS FACTORY TAG VALIDATION
46185.649039351854,conductivity,-0.007780979387462139,Negative conductivity NEEDS FACTORY TAG VALIDATION
46185.64905092592,conductivity,-0.007597322110086679,Negative conductivity NEEDS FACTORY TAG VALIDATION
46185.6490625,conductivity,-0.007413665298372507,Negative conductivity NEEDS FACTORY TAG VALIDATION
46185.64907407408,conductivity,-0.007230008486658335,Negative conductivity NEEDS FACTORY TAG VALIDATION
46185.649085648154,conductivity,-0.0070463516749441615,Negative conductivity NEEDS FACTORY TAG VALIDATION
46185.649097222224,conductivity,-0.00686269486322999,Negative conductivity NEEDS FACTORY TAG VALIDATION
46185.649108796286,conductivity,-0.0066790375858545295,Negative conductivity NEEDS FACTORY TAG VALIDATION
46185.64912037037,conductivity,-0.006495380774140358,Negative conductivity NEEDS FACTORY TAG VALIDATION
46185.64913194445,conductivity,-0.006311723962426186,Negative conductivity NEEDS FACTORY TAG VALIDATION
46185.64914351852,conductivity,-0.006128067150712012,Negative conductivity NEEDS FACTORY TAG VALIDATION
46185.64915509259,conductivity,-0.005944410338997841,Negative conductivity NEEDS FACTORY TAG VALIDATION
46185.64916666667,conductivity,-0.005760753061622381,Negative conductivity NEEDS FACTORY TAG VALIDATION
46185.64917824074,conductivity,-0.005577096249908209,Negative conductivity NEEDS FACTORY TAG VALIDATION
46185.649189814816,conductivity,-0.0053934394381940365,Negative conductivity NEEDS FACTORY TAG VALIDATION
46185.649201388886,conductivity,-0.005209782626479864,Negative conductivity NEEDS FACTORY TAG VALIDATION
46185.64921296296,conductivity,-0.005026125814765692,Negative conductivity NEEDS FACTORY TAG VALIDATION
46185.64922453704,conductivity,-0.004842468537390232,Negative conductivity NEEDS FACTORY TAG VALIDATION
46185.64923611111,conductivity,-0.00465881172567606,Negative conductivity NEEDS FACTORY TAG VALIDATION
46185.64924768519,conductivity,-0.004475154913961888,Negative conductivity NEEDS FACTORY TAG VALIDATION
46185.64925925926,conductivity,-0.004291498102247715,Negative conductivity NEEDS FACTORY TAG VALIDATION
46185.649270833324,conductivity,-0.0041078412905335435,Negative conductivity NEEDS FACTORY TAG VALIDATION
46185.64928240741,conductivity,-0.003924184013158083,Negative conductivity NEEDS FACTORY TAG VALIDATION
46185.64929398148,conductivity,-0.003740527201443911,Negative conductivity NEEDS FACTORY TAG VALIDATION
46185.64930555556,conductivity,-0.0035568703897297382,Negative conductivity NEEDS FACTORY TAG VALIDATION
46185.64931712963,conductivity,-0.0033732135780155654,Negative conductivity NEEDS FACTORY TAG VALIDATION
46185.649328703694,conductivity,-0.0031895565334707494,Negative conductivity NEEDS FACTORY TAG VALIDATION
46185.64934027778,conductivity,-0.003005899721756577,Negative conductivity NEEDS FACTORY TAG VALIDATION
46185.649351851855,conductivity,-0.002822242677211761,Negative conductivity NEEDS FACTORY TAG VALIDATION
46185.64936342592,conductivity,-0.0026385858654975887,Negative conductivity NEEDS FACTORY TAG VALIDATION
46185.649375,conductivity,-0.0024549290537834167,Negative conductivity NEEDS FACTORY TAG VALIDATION
46185.64938657408,conductivity,-0.0022712720092386007,Negative conductivity NEEDS FACTORY TAG VALIDATION
46185.649398148154,conductivity,-0.0020876151975244284,Negative conductivity NEEDS FACTORY TAG VALIDATION
46185.649409722224,conductivity,-0.0019039582693949344,Negative conductivity NEEDS FACTORY TAG VALIDATION
46185.649421296286,conductivity,-0.00172030134126544,Negative conductivity NEEDS FACTORY TAG VALIDATION
46185.64943287037,conductivity,-0.0015366444131359458,Negative conductivity NEEDS FACTORY TAG VALIDATION
46185.64944444445,conductivity,-0.0013529874850064516,Negative conductivity NEEDS FACTORY TAG VALIDATION
46185.64945601852,conductivity,-0.0011693306732922792,Negative conductivity NEEDS FACTORY TAG VALIDATION
46185.64946759259,conductivity,-0.000985673745162785,Negative conductivity NEEDS FACTORY TAG VALIDATION
46185.64947916667,conductivity,-0.0008020168170332909,Negative conductivity NEEDS FACTORY TAG VALIDATION
46185.64949074074,conductivity,-0.0006183599471114576,Negative conductivity NEEDS FACTORY TAG VALIDATION
46185.649502314816,conductivity,-0.0004347030189819634,Negative conductivity NEEDS FACTORY TAG VALIDATION
46185.649513888886,conductivity,-0.00025104611995629966,Negative conductivity NEEDS FACTORY TAG VALIDATION
46185.64952546296,conductivity,-6.738921365467831e-05,Negative conductivity NEEDS FACTORY TAG VALIDATION
46185.683125,conductivity,-0.030520372092723846,Negative conductivity NEEDS FACTORY TAG VALIDATION
46185.68313657407,conductivity,-0.030491858720779415,Negative conductivity NEEDS FACTORY TAG VALIDATION
46185.68314814815,conductivity,-0.03046334348618984,Negative conductivity NEEDS FACTORY TAG VALIDATION
46185.68315972222,conductivity,-0.03043483011424541,Negative conductivity NEEDS FACTORY TAG VALIDATION
46185.683171296296,conductivity,-0.03040631487965584,Negative conductivity NEEDS FACTORY TAG VALIDATION
46185.683182870365,conductivity,-0.030377801507711407,Negative conductivity NEEDS FACTORY TAG VALIDATION
46185.68319444444,conductivity,-0.030349286273121837,Negative conductivity NEEDS FACTORY TAG VALIDATION
46185.68320601852,conductivity,-0.030320772901177406,Negative conductivity NEEDS FACTORY TAG VALIDATION
46185.6832175926,conductivity,-0.03029225766658783,Negative conductivity NEEDS FACTORY TAG VALIDATION
46185.683229166665,conductivity,-0.0302637442946434,Negative conductivity NEEDS FACTORY TAG VALIDATION
46185.683240740735,conductivity,-0.030235229060053825,Negative conductivity NEEDS FACTORY TAG VALIDATION
46185.68325231481,conductivity,-0.0302067156881094,Negative conductivity NEEDS FACTORY TAG VALIDATION
46185.68326388889,conductivity,-0.03017820045351982,Negative conductivity NEEDS FACTORY TAG VALIDATION
46185.683275462965,conductivity,-0.030149687081575397,Negative conductivity NEEDS FACTORY TAG VALIDATION
46185.68328703704,conductivity,-0.030121171846985817,Negative conductivity NEEDS FACTORY TAG VALIDATION
46185.68329861111,conductivity,-0.03009265847504139,Negative conductivity NEEDS FACTORY TAG VALIDATION
46185.683310185195,conductivity,-0.030064143240451813,Negative conductivity NEEDS FACTORY TAG VALIDATION
46185.68332175926,conductivity,-0.030035629868507385,Negative conductivity NEEDS FACTORY TAG VALIDATION
46185.68333333333,conductivity,-0.03000711463391781,Negative conductivity NEEDS FACTORY TAG VALIDATION
46185.68334490741,conductivity,-0.02997860126197338,Negative conductivity NEEDS FACTORY TAG VALIDATION
46185.68335648148,conductivity,-0.029950086027383804,Negative conductivity NEEDS FACTORY TAG VALIDATION
46185.68336805556,conductivity,-0.029921572655439377,Negative conductivity NEEDS FACTORY TAG VALIDATION
46185.68337962963,conductivity,-0.0298930574208498,Negative conductivity NEEDS FACTORY TAG VALIDATION
46185.6833912037,conductivity,-0.029864544048905373,Negative conductivity NEEDS FACTORY TAG VALIDATION
46185.68340277778,conductivity,-0.0298360288143158,Negative conductivity NEEDS FACTORY TAG VALIDATION
46185.68341435185,conductivity,-0.02980751544237137,Negative conductivity NEEDS FACTORY TAG VALIDATION
46185.68342592593,conductivity,-0.02977900020778179,Negative conductivity NEEDS FACTORY TAG VALIDATION
46185.6834375,conductivity,-0.029750486835837364,Negative conductivity NEEDS FACTORY TAG VALIDATION
46185.68344907407,conductivity,-0.029721971601247787,Negative conductivity NEEDS FACTORY TAG VALIDATION
46185.68346064815,conductivity,-0.02969345822930336,Negative conductivity NEEDS FACTORY TAG VALIDATION
46185.68347222222,conductivity,-0.029664942994713783,Negative conductivity NEEDS FACTORY TAG VALIDATION
46185.683483796296,conductivity,-0.02963642962276936,Negative conductivity NEEDS FACTORY TAG VALIDATION
46185.683495370366,conductivity,-0.029607914388179776,Negative conductivity NEEDS FACTORY TAG VALIDATION
46185.68350694444,conductivity,-0.02957940101623535,Negative conductivity NEEDS FACTORY TAG VALIDATION
46185.68351851852,conductivity,-0.02955088578164577,Negative conductivity NEEDS FACTORY TAG VALIDATION
46185.6835300926,conductivity,-0.029522372409701347,Negative conductivity NEEDS FACTORY TAG VALIDATION
46185.683541666665,conductivity,-0.029493857175111767,Negative conductivity NEEDS FACTORY TAG VALIDATION
46185.683553240735,conductivity,-0.029465343803167343,Negative conductivity NEEDS FACTORY TAG VALIDATION
46185.683564814804,conductivity,-0.029436828568577766,Negative conductivity NEEDS FACTORY TAG VALIDATION
46185.68357638889,conductivity,-0.029408315196633335,Negative conductivity NEEDS FACTORY TAG VALIDATION
46185.683587962965,conductivity,-0.02937979996204376,Negative conductivity NEEDS FACTORY TAG VALIDATION
46185.68359953704,conductivity,-0.02935128659009933,Negative conductivity NEEDS FACTORY TAG VALIDATION
46185.68361111111,conductivity,-0.02932277135550976,Negative conductivity NEEDS FACTORY TAG VALIDATION
46185.683622685196,conductivity,-0.029294257983565327,Negative conductivity NEEDS FACTORY TAG VALIDATION
46185.68363425926,conductivity,-0.029265742748975757,Negative conductivity NEEDS FACTORY TAG VALIDATION
46185.683645833335,conductivity,-0.029237229377031326,Negative conductivity NEEDS FACTORY TAG VALIDATION
46185.68365740741,conductivity,-0.02920871414244175,Negative conductivity NEEDS FACTORY TAG VALIDATION
46185.68366898148,conductivity,-0.02918020077049732,Negative conductivity NEEDS FACTORY TAG VALIDATION
46185.68368055556,conductivity,-0.029151685535907745,Negative conductivity NEEDS FACTORY TAG VALIDATION
46185.68369212963,conductivity,-0.02912317216396332,Negative conductivity NEEDS FACTORY TAG VALIDATION
46185.6837037037,conductivity,-0.02909465692937374,Negative conductivity NEEDS FACTORY TAG VALIDATION
46185.68371527777,conductivity,-0.029066143557429317,Negative conductivity NEEDS FACTORY TAG VALIDATION
46185.68372685185,conductivity,-0.029037628322839737,Negative conductivity NEEDS FACTORY TAG VALIDATION
46185.68373842593,conductivity,-0.02900911495089531,Negative conductivity NEEDS FACTORY TAG VALIDATION
46185.68375,conductivity,-0.028980599716305733,Negative conductivity NEEDS FACTORY TAG VALIDATION
46185.68376157407,conductivity,-0.028952086344361305,Negative conductivity NEEDS FACTORY TAG VALIDATION
46185.68377314815,conductivity,-0.02892357110977173,Negative conductivity NEEDS FACTORY TAG VALIDATION
46185.68378472222,conductivity,-0.0288950577378273,Negative conductivity NEEDS FACTORY TAG VALIDATION
46185.683796296296,conductivity,-0.028866542503237724,Negative conductivity NEEDS FACTORY TAG VALIDATION
46185.683807870366,conductivity,-0.028838029131293297,Negative conductivity NEEDS FACTORY TAG VALIDATION
46185.68381944444,conductivity,-0.02880951389670372,Negative conductivity NEEDS FACTORY TAG VALIDATION
46185.68383101852,conductivity,-0.028781000524759293,Negative conductivity NEEDS FACTORY TAG VALIDATION
46185.6838425926,conductivity,-0.02875248529016972,Negative conductivity NEEDS FACTORY TAG VALIDATION
46185.683854166666,conductivity,-0.02872397191822529,Negative conductivity NEEDS FACTORY TAG VALIDATION
46185.683865740735,conductivity,-0.02869545668363571,Negative conductivity NEEDS FACTORY TAG VALIDATION
46185.683877314805,conductivity,-0.028666943311691284,Negative conductivity NEEDS FACTORY TAG VALIDATION
46185.68388888889,conductivity,-0.028638428077101707,Negative conductivity NEEDS FACTORY TAG VALIDATION
46185.683900462966,conductivity,-0.02860991470515728,Negative conductivity NEEDS FACTORY TAG VALIDATION
46185.68391203704,conductivity,-0.028581399470567703,Negative conductivity NEEDS FACTORY TAG VALIDATION
46185.68392361111,conductivity,-0.02855288609862328,Negative conductivity NEEDS FACTORY TAG VALIDATION
46185.68393518519,conductivity,-0.028524370864033696,Negative conductivity NEEDS FACTORY TAG VALIDATION
46185.68394675926,conductivity,-0.02849585749208927,Negative conductivity NEEDS FACTORY TAG VALIDATION
46185.683958333335,conductivity,-0.02846734225749969,Negative conductivity NEEDS FACTORY TAG VALIDATION
46185.683969907404,conductivity,-0.028438828885555267,Negative conductivity NEEDS FACTORY TAG VALIDATION
46185.68398148148,conductivity,-0.028410313650965687,Negative conductivity NEEDS FACTORY TAG VALIDATION
46185.68399305556,conductivity,-0.028381800279021263,Negative conductivity NEEDS FACTORY TAG VALIDATION
46185.68400462963,conductivity,-0.028353285044431686,Negative conductivity NEEDS FACTORY TAG VALIDATION
46185.6840162037,conductivity,-0.028324771672487255,Negative conductivity NEEDS FACTORY TAG VALIDATION
46185.684027777774,conductivity,-0.02829625643789768,Negative conductivity NEEDS FACTORY TAG VALIDATION
46185.68403935185,conductivity,-0.02826774306595325,Negative conductivity NEEDS FACTORY TAG VALIDATION
46185.68405092593,conductivity,-0.02823922783136368,Negative conductivity NEEDS FACTORY TAG VALIDATION
46185.6840625,conductivity,-0.02821071445941925,Negative conductivity NEEDS FACTORY TAG VALIDATION
46185.68407407408,conductivity,-0.028182199224829677,Negative conductivity NEEDS FACTORY TAG VALIDATION
46185.68408564815,conductivity,-0.028153685852885246,Negative conductivity NEEDS FACTORY TAG VALIDATION
46185.68409722222,conductivity,-0.02812517061829567,Negative conductivity NEEDS FACTORY TAG VALIDATION
46185.6841087963,conductivity,-0.02809665724635124,Negative conductivity NEEDS FACTORY TAG VALIDATION
46185.684120370366,conductivity,-0.028068142011761665,Negative conductivity NEEDS FACTORY TAG VALIDATION
46185.68413194444,conductivity,-0.02803962863981724,Negative conductivity NEEDS FACTORY TAG VALIDATION
46185.68414351852,conductivity,-0.02801111340522766,Negative conductivity NEEDS FACTORY TAG VALIDATION
46185.68415509258,conductivity,-0.027982600033283237,Negative conductivity NEEDS FACTORY TAG VALIDATION
46185.684166666666,conductivity,-0.027954084798693657,Negative conductivity NEEDS FACTORY TAG VALIDATION
46185.684178240735,conductivity,-0.02792557142674923,Negative conductivity NEEDS FACTORY TAG VALIDATION
46185.684189814805,conductivity,-0.027897056192159653,Negative conductivity NEEDS FACTORY TAG VALIDATION
46185.68420138889,conductivity,-0.027868542820215225,Negative conductivity NEEDS FACTORY TAG VALIDATION
46185.684212962966,conductivity,-0.02784002758562565,Negative conductivity NEEDS FACTORY TAG VALIDATION
46185.68422453704,conductivity,-0.02781151421368122,Negative conductivity NEEDS FACTORY TAG VALIDATION
46185.68423611111,conductivity,-0.027782998979091644,Negative conductivity NEEDS FACTORY TAG VALIDATION
46185.68424768518,conductivity,-0.027754485607147217,Negative conductivity NEEDS FACTORY TAG VALIDATION
46185.68425925926,conductivity,-0.02772597223520279,Negative conductivity NEEDS FACTORY TAG VALIDATION
46185.684270833335,conductivity,-0.027697457000613213,Negative conductivity NEEDS FACTORY TAG VALIDATION
46185.684282407405,conductivity,-0.027668943628668785,Negative conductivity NEEDS FACTORY TAG VALIDATION
46185.68429398148,conductivity,-0.02764042839407921,Negative conductivity NEEDS FACTORY TAG VALIDATION
46185.68430555556,conductivity,-0.02761191502213478,Negative conductivity NEEDS FACTORY TAG VALIDATION
46185.68431712962,conductivity,-0.027583399787545204,Negative conductivity NEEDS FACTORY TAG VALIDATION
46185.684328703705,conductivity,-0.027554886415600777,Negative conductivity NEEDS FACTORY TAG VALIDATION
46185.684340277774,conductivity,-0.0275263711810112,Negative conductivity NEEDS FACTORY TAG VALIDATION
46185.68435185185,conductivity,-0.02749785780906677,Negative conductivity NEEDS FACTORY TAG VALIDATION
46185.68436342593,conductivity,-0.0274693425744772,Negative conductivity NEEDS FACTORY TAG VALIDATION
46185.684375,conductivity,-0.027440829202532768,Negative conductivity NEEDS FACTORY TAG VALIDATION
46185.68438657408,conductivity,-0.02741231396794319,Negative conductivity NEEDS FACTORY TAG VALIDATION
46185.68439814815,conductivity,-0.027383800595998764,Negative conductivity NEEDS FACTORY TAG VALIDATION
46185.68440972222,conductivity,-0.027355285361409187,Negative conductivity NEEDS FACTORY TAG VALIDATION
46185.6844212963,conductivity,-0.02732677198946476,Negative conductivity NEEDS FACTORY TAG VALIDATION
46185.68443287037,conductivity,-0.027298256754875183,Negative conductivity NEEDS FACTORY TAG VALIDATION
46185.68444444444,conductivity,-0.02726974338293076,Negative conductivity NEEDS FACTORY TAG VALIDATION
46185.68445601852,conductivity,-0.027241228148341175,Negative conductivity NEEDS FACTORY TAG VALIDATION
46185.68446759258,conductivity,-0.02721271477639675,Negative conductivity NEEDS FACTORY TAG VALIDATION
46185.684479166666,conductivity,-0.02718419954180717,Negative conductivity NEEDS FACTORY TAG VALIDATION
46185.684490740736,conductivity,-0.027155686169862747,Negative conductivity NEEDS FACTORY TAG VALIDATION
46185.684502314805,conductivity,-0.02712717093527317,Negative conductivity NEEDS FACTORY TAG VALIDATION
46185.68451388889,conductivity,-0.027098657563328743,Negative conductivity NEEDS FACTORY TAG VALIDATION
46185.684525462966,conductivity,-0.02707014232873917,Negative conductivity NEEDS FACTORY TAG VALIDATION
46185.68453703704,conductivity,-0.027041628956794735,Negative conductivity NEEDS FACTORY TAG VALIDATION
46185.68454861111,conductivity,-0.02701311372220516,Negative conductivity NEEDS FACTORY TAG VALIDATION
46185.68456018518,conductivity,-0.02698460035026073,Negative conductivity NEEDS FACTORY TAG VALIDATION
46185.68457175926,conductivity,-0.02695608511567116,Negative conductivity NEEDS FACTORY TAG VALIDATION
46185.684583333335,conductivity,-0.02692757174372673,Negative conductivity NEEDS FACTORY TAG VALIDATION
46185.684594907405,conductivity,-0.026899056509137157,Negative conductivity NEEDS FACTORY TAG VALIDATION
46185.68460648148,conductivity,-0.02687054313719273,Negative conductivity NEEDS FACTORY TAG VALIDATION
46185.68461805556,conductivity,-0.02684202790260315,Negative conductivity NEEDS FACTORY TAG VALIDATION
46185.68462962962,conductivity,-0.02681351453065872,Negative conductivity NEEDS FACTORY TAG VALIDATION
46185.684641203705,conductivity,-0.026784999296069145,Negative conductivity NEEDS FACTORY TAG VALIDATION
46185.684652777774,conductivity,-0.02675648592412472,Negative conductivity NEEDS FACTORY TAG VALIDATION
46185.68466435185,conductivity,-0.02672797068953514,Negative conductivity NEEDS FACTORY TAG VALIDATION
46185.68467592593,conductivity,-0.026699457317590717,Negative conductivity NEEDS FACTORY TAG VALIDATION
46185.6846875,conductivity,-0.026670942083001137,Negative conductivity NEEDS FACTORY TAG VALIDATION
46185.68469907408,conductivity,-0.02664242871105671,Negative conductivity NEEDS FACTORY TAG VALIDATION
46185.68471064815,conductivity,-0.026613913476467133,Negative conductivity NEEDS FACTORY TAG VALIDATION
46185.68472222222,conductivity,-0.026585400104522705,Negative conductivity NEEDS FACTORY TAG VALIDATION
46185.6847337963,conductivity,-0.02655688486993313,Negative conductivity NEEDS FACTORY TAG VALIDATION
46185.68474537037,conductivity,-0.0265283714979887,Negative conductivity NEEDS FACTORY TAG VALIDATION
46185.68475694445,conductivity,-0.026499856263399124,Negative conductivity NEEDS FACTORY TAG VALIDATION
46185.68476851852,conductivity,-0.026471342891454697,Negative conductivity NEEDS FACTORY TAG VALIDATION
46185.68478009259,conductivity,-0.02644282765686512,Negative conductivity NEEDS FACTORY TAG VALIDATION
46185.68479166667,conductivity,-0.02641431428492069,Negative conductivity NEEDS FACTORY TAG VALIDATION
46185.684803240736,conductivity,-0.02638579905033112,Negative conductivity NEEDS FACTORY TAG VALIDATION
46185.684814814806,conductivity,-0.026357285678386688,Negative conductivity NEEDS FACTORY TAG VALIDATION
46185.68482638889,conductivity,-0.02632877044379711,Negative conductivity NEEDS FACTORY TAG VALIDATION
46185.68483796297,conductivity,-0.026300257071852684,Negative conductivity NEEDS FACTORY TAG VALIDATION
46185.68484953704,conductivity,-0.026271741837263107,Negative conductivity NEEDS FACTORY TAG VALIDATION
46185.68486111111,conductivity,-0.02624322846531868,Negative conductivity NEEDS FACTORY TAG VALIDATION
46185.68487268518,conductivity,-0.026214713230729103,Negative conductivity NEEDS FACTORY TAG VALIDATION
46185.68488425926,conductivity,-0.02618619985878468,Negative conductivity NEEDS FACTORY TAG VALIDATION
46185.684895833336,conductivity,-0.026157684624195095,Negative conductivity NEEDS FACTORY TAG VALIDATION
46185.684907407405,conductivity,-0.02612917125225067,Negative conductivity NEEDS FACTORY TAG VALIDATION
46185.68491898148,conductivity,-0.02610065601766109,Negative conductivity NEEDS FACTORY TAG VALIDATION
46185.68493055556,conductivity,-0.026072142645716667,Negative conductivity NEEDS FACTORY TAG VALIDATION
46185.68494212962,conductivity,-0.02604362741112709,Negative conductivity NEEDS FACTORY TAG VALIDATION
46185.684953703705,conductivity,-0.026015114039182663,Negative conductivity NEEDS FACTORY TAG VALIDATION
46185.684965277775,conductivity,-0.02598659880459309,Negative conductivity NEEDS FACTORY TAG VALIDATION
46185.68497685185,conductivity,-0.025958085432648655,Negative conductivity NEEDS FACTORY TAG VALIDATION
46185.68498842593,conductivity,-0.02592957019805908,Negative conductivity NEEDS FACTORY TAG VALIDATION
46185.685,conductivity,-0.02590105682611465,Negative conductivity NEEDS FACTORY TAG VALIDATION
46185.68501157408,conductivity,-0.02587254159152508,Negative conductivity NEEDS FACTORY TAG VALIDATION
46185.68502314815,conductivity,-0.02584402821958065,Negative conductivity NEEDS FACTORY TAG VALIDATION
46185.68503472222,conductivity,-0.025815512984991077,Negative conductivity NEEDS FACTORY TAG VALIDATION
46185.6850462963,conductivity,-0.02578699961304665,Negative conductivity NEEDS FACTORY TAG VALIDATION
46185.68505787037,conductivity,-0.02575848437845707,Negative conductivity NEEDS FACTORY TAG VALIDATION
46185.68506944445,conductivity,-0.02572997100651264,Negative conductivity NEEDS FACTORY TAG VALIDATION
46185.68508101852,conductivity,-0.025701455771923065,Negative conductivity NEEDS FACTORY TAG VALIDATION
46185.68509259259,conductivity,-0.02567294239997864,Negative conductivity NEEDS FACTORY TAG VALIDATION
46185.68510416667,conductivity,-0.02564442716538906,Negative conductivity NEEDS FACTORY TAG VALIDATION
46185.68511574074,conductivity,-0.025615913793444637,Negative conductivity NEEDS FACTORY TAG VALIDATION
46185.685127314806,conductivity,-0.025587398558855057,Negative conductivity NEEDS FACTORY TAG VALIDATION
46185.68513888889,conductivity,-0.02555888518691063,Negative conductivity NEEDS FACTORY TAG VALIDATION
46185.68515046296,conductivity,-0.025530369952321053,Negative conductivity NEEDS FACTORY TAG VALIDATION
46185.68516203704,conductivity,-0.025501856580376625,Negative conductivity NEEDS FACTORY TAG VALIDATION
46185.68517361111,conductivity,-0.02547334134578705,Negative conductivity NEEDS FACTORY TAG VALIDATION
46185.68518518518,conductivity,-0.02544482797384262,Negative conductivity NEEDS FACTORY TAG VALIDATION
46185.68519675926,conductivity,-0.025416312739253044,Negative conductivity NEEDS FACTORY TAG VALIDATION
46185.685208333336,conductivity,-0.025387799367308617,Negative conductivity NEEDS FACTORY TAG VALIDATION
46185.685219907406,conductivity,-0.02535928413271904,Negative conductivity NEEDS FACTORY TAG VALIDATION
46185.68523148148,conductivity,-0.02533077076077461,Negative conductivity NEEDS FACTORY TAG VALIDATION
46185.68524305556,conductivity,-0.02530225552618504,Negative conductivity NEEDS FACTORY TAG VALIDATION
46185.68525462962,conductivity,-0.025273742154240608,Negative conductivity NEEDS FACTORY TAG VALIDATION
46185.685266203705,conductivity,-0.02524522691965103,Negative conductivity NEEDS FACTORY TAG VALIDATION
46185.685277777775,conductivity,-0.025216713547706604,Negative conductivity NEEDS FACTORY TAG VALIDATION
46185.685289351844,conductivity,-0.025188198313117027,Negative conductivity NEEDS FACTORY TAG VALIDATION
46185.68530092593,conductivity,-0.0251596849411726,Negative conductivity NEEDS FACTORY TAG VALIDATION
46185.6853125,conductivity,-0.025131169706583023,Negative conductivity NEEDS FACTORY TAG VALIDATION
46185.68532407408,conductivity,-0.0251026563346386,Negative conductivity NEEDS FACTORY TAG VALIDATION
46185.68533564815,conductivity,-0.025074141100049015,Negative conductivity NEEDS FACTORY TAG VALIDATION
46185.68534722222,conductivity,-0.02504562772810459,Negative conductivity NEEDS FACTORY TAG VALIDATION
46185.6853587963,conductivity,-0.02501711249351501,Negative conductivity NEEDS FACTORY TAG VALIDATION
46185.68537037037,conductivity,-0.024988599121570587,Negative conductivity NEEDS FACTORY TAG VALIDATION
46185.68538194445,conductivity,-0.02496008388698101,Negative conductivity NEEDS FACTORY TAG VALIDATION
46185.68539351852,conductivity,-0.024931570515036583,Negative conductivity NEEDS FACTORY TAG VALIDATION
46185.68540509259,conductivity,-0.024903057143092155,Negative conductivity NEEDS FACTORY TAG VALIDATION
46185.68541666667,conductivity,-0.024874541908502575,Negative conductivity NEEDS FACTORY TAG VALIDATION
46185.68542824074,conductivity,-0.02484602853655815,Negative conductivity NEEDS FACTORY TAG VALIDATION
46185.685439814806,conductivity,-0.02481751330196857,Negative conductivity NEEDS FACTORY TAG VALIDATION
46185.68545138889,conductivity,-0.024788999930024147,Negative conductivity NEEDS FACTORY TAG VALIDATION
46185.68546296296,conductivity,-0.02476048469543457,Negative conductivity NEEDS FACTORY TAG VALIDATION
46185.68547453704,conductivity,-0.024731971323490143,Negative conductivity NEEDS FACTORY TAG VALIDATION
46185.68548611111,conductivity,-0.02470345608890057,Negative conductivity NEEDS FACTORY TAG VALIDATION
46185.68549768518,conductivity,-0.024674942716956135,Negative conductivity NEEDS FACTORY TAG VALIDATION
46185.68550925926,conductivity,-0.02464642748236656,Negative conductivity NEEDS FACTORY TAG VALIDATION
46185.685520833336,conductivity,-0.02461791411042213,Negative conductivity NEEDS FACTORY TAG VALIDATION
46185.685532407406,conductivity,-0.02458939887583256,Negative conductivity NEEDS FACTORY TAG VALIDATION
46185.68554398148,conductivity,-0.02456088550388813,Negative conductivity NEEDS FACTORY TAG VALIDATION
46185.68555555555,conductivity,-0.024532370269298557,Negative conductivity NEEDS FACTORY TAG VALIDATION
46185.68556712962,conductivity,-0.02450385689735413,Negative conductivity NEEDS FACTORY TAG VALIDATION
46185.685578703706,conductivity,-0.02447534166276455,Negative conductivity NEEDS FACTORY TAG VALIDATION
46185.685590277775,conductivity,-0.02444682829082012,Negative conductivity NEEDS FACTORY TAG VALIDATION
46185.685601851845,conductivity,-0.024418313056230545,Negative conductivity NEEDS FACTORY TAG VALIDATION
46185.68561342593,conductivity,-0.02438979968428612,Negative conductivity NEEDS FACTORY TAG VALIDATION
46185.685625,conductivity,-0.02436128444969654,Negative conductivity NEEDS FACTORY TAG VALIDATION
46185.68563657408,conductivity,-0.024332771077752117,Negative conductivity NEEDS FACTORY TAG VALIDATION
46185.68564814815,conductivity,-0.024304255843162537,Negative conductivity NEEDS FACTORY TAG VALIDATION
46185.68565972222,conductivity,-0.02427574247121811,Negative conductivity NEEDS FACTORY TAG VALIDATION
46185.6856712963,conductivity,-0.02424722723662853,Negative conductivity NEEDS FACTORY TAG VALIDATION
46185.68568287037,conductivity,-0.024218713864684105,Negative conductivity NEEDS FACTORY TAG VALIDATION
46185.685694444444,conductivity,-0.024190198630094528,Negative conductivity NEEDS FACTORY TAG VALIDATION
46185.68570601852,conductivity,-0.0241616852581501,Negative conductivity NEEDS FACTORY TAG VALIDATION
46185.68571759259,conductivity,-0.024133170023560524,Negative conductivity NEEDS FACTORY TAG VALIDATION
46185.68572916667,conductivity,-0.024104656651616096,Negative conductivity NEEDS FACTORY TAG VALIDATION
46185.68574074074,conductivity,-0.02407614141702652,Negative conductivity NEEDS FACTORY TAG VALIDATION
46185.685752314814,conductivity,-0.02404762804508209,Negative conductivity NEEDS FACTORY TAG VALIDATION
46185.68576388889,conductivity,-0.02401911281049252,Negative conductivity NEEDS FACTORY TAG VALIDATION
46185.68577546296,conductivity,-0.023990599438548088,Negative conductivity NEEDS FACTORY TAG VALIDATION
46185.68578703704,conductivity,-0.02396208420395851,Negative conductivity NEEDS FACTORY TAG VALIDATION
46185.68579861112,conductivity,-0.023933570832014084,Negative conductivity NEEDS FACTORY TAG VALIDATION
46185.68581018518,conductivity,-0.023905055597424507,Negative conductivity NEEDS FACTORY TAG VALIDATION
46185.68582175926,conductivity,-0.02387654222548008,Negative conductivity NEEDS FACTORY TAG VALIDATION
46185.68583333334,conductivity,-0.023848026990890503,Negative conductivity NEEDS FACTORY TAG VALIDATION
46185.685844907406,conductivity,-0.023819513618946075,Negative conductivity NEEDS FACTORY TAG VALIDATION
46185.68585648148,conductivity,-0.023790998384356495,Negative conductivity NEEDS FACTORY TAG VALIDATION
46185.68586805555,conductivity,-0.02376248501241207,Negative conductivity NEEDS FACTORY TAG VALIDATION
46185.68587962962,conductivity,-0.02373396977782249,Negative conductivity NEEDS FACTORY TAG VALIDATION
46185.685891203706,conductivity,-0.023705456405878067,Negative conductivity NEEDS FACTORY TAG VALIDATION
46185.685902777775,conductivity,-0.02367694117128849,Negative conductivity NEEDS FACTORY TAG VALIDATION
46185.685914351845,conductivity,-0.023648427799344063,Negative conductivity NEEDS FACTORY TAG VALIDATION
46185.68592592593,conductivity,-0.02361991256475449,Negative conductivity NEEDS FACTORY TAG VALIDATION
46185.6859375,conductivity,-0.023591399192810055,Negative conductivity NEEDS FACTORY TAG VALIDATION
46185.68594907408,conductivity,-0.02356288395822048,Negative conductivity NEEDS FACTORY TAG VALIDATION
46185.68596064815,conductivity,-0.02353437058627605,Negative conductivity NEEDS FACTORY TAG VALIDATION
46185.68597222222,conductivity,-0.02350585535168648,Negative conductivity NEEDS FACTORY TAG VALIDATION
46185.6859837963,conductivity,-0.02347734197974205,Negative conductivity NEEDS FACTORY TAG VALIDATION
46185.68599537037,conductivity,-0.023448826745152477,Negative conductivity NEEDS FACTORY TAG VALIDATION
46185.686006944445,conductivity,-0.02342031337320805,Negative conductivity NEEDS FACTORY TAG VALIDATION
46185.68601851852,conductivity,-0.02339179813861847,Negative conductivity NEEDS FACTORY TAG VALIDATION
46185.68603009259,conductivity,-0.02336328476667404,Negative conductivity NEEDS FACTORY TAG VALIDATION
46185.68604166666,conductivity,-0.023334769532084465,Negative conductivity NEEDS FACTORY TAG VALIDATION
46185.68605324074,conductivity,-0.02330625616014004,Negative conductivity NEEDS FACTORY TAG VALIDATION
46185.686064814814,conductivity,-0.02327774092555046,Negative conductivity NEEDS FACTORY TAG VALIDATION
46185.68607638889,conductivity,-0.023249227553606037,Negative conductivity NEEDS FACTORY TAG VALIDATION
46185.68608796296,conductivity,-0.023220712319016457,Negative conductivity NEEDS FACTORY TAG VALIDATION
46185.68609953704,conductivity,-0.02319219894707203,Negative conductivity NEEDS FACTORY TAG VALIDATION
46185.68611111112,conductivity,-0.02316368371248245,Negative conductivity NEEDS FACTORY TAG VALIDATION
46185.68612268518,conductivity,-0.023135170340538025,Negative conductivity NEEDS FACTORY TAG VALIDATION
46185.68613425926,conductivity,-0.023106655105948448,Negative conductivity NEEDS FACTORY TAG VALIDATION
46185.68614583334,conductivity,-0.02307814173400402,Negative conductivity NEEDS FACTORY TAG VALIDATION
46185.68615740741,conductivity,-0.023049626499414444,Negative conductivity NEEDS FACTORY TAG VALIDATION
46185.68616898148,conductivity,-0.023021113127470016,Negative conductivity NEEDS FACTORY TAG VALIDATION
46185.68618055555,conductivity,-0.02299259789288044,Negative conductivity NEEDS FACTORY TAG VALIDATION
46185.68619212962,conductivity,-0.02296408452093601,Negative conductivity NEEDS FACTORY TAG VALIDATION
46185.686203703706,conductivity,-0.02293556928634644,Negative conductivity NEEDS FACTORY TAG VALIDATION
46185.686215277776,conductivity,-0.022907055914402008,Negative conductivity NEEDS FACTORY TAG VALIDATION
46185.686226851845,conductivity,-0.02287854067981243,Negative conductivity NEEDS FACTORY TAG VALIDATION
46185.68623842593,conductivity,-0.022850027307868004,Negative conductivity NEEDS FACTORY TAG VALIDATION
46185.68625,conductivity,-0.022821512073278427,Negative conductivity NEEDS FACTORY TAG VALIDATION
46185.68626157408,conductivity,-0.022792998701334,Negative conductivity NEEDS FACTORY TAG VALIDATION
46185.68627314815,conductivity,-0.022764483466744423,Negative conductivity NEEDS FACTORY TAG VALIDATION
46185.68628472222,conductivity,-0.022735970094799995,Negative conductivity NEEDS FACTORY TAG VALIDATION
46185.6862962963,conductivity,-0.022707454860210415,Negative conductivity NEEDS FACTORY TAG VALIDATION
46185.68630787037,conductivity,-0.02267894148826599,Negative conductivity NEEDS FACTORY TAG VALIDATION
46185.686319444445,conductivity,-0.02265042625367641,Negative conductivity NEEDS FACTORY TAG VALIDATION
46185.68633101852,conductivity,-0.022621912881731987,Negative conductivity NEEDS FACTORY TAG VALIDATION
46185.68634259259,conductivity,-0.02259339764714241,Negative conductivity NEEDS FACTORY TAG VALIDATION
46185.68635416666,conductivity,-0.022564884275197983,Negative conductivity NEEDS FACTORY TAG VALIDATION
46185.68636574074,conductivity,-0.02253636904060841,Negative conductivity NEEDS FACTORY TAG VALIDATION
46185.686377314814,conductivity,-0.022507855668663975,Negative conductivity NEEDS FACTORY TAG VALIDATION
46185.68638888889,conductivity,-0.0224793404340744,Negative conductivity NEEDS FACTORY TAG VALIDATION
46185.68640046296,conductivity,-0.02245082706212997,Negative conductivity NEEDS FACTORY TAG VALIDATION
46185.68641203704,conductivity,-0.0224223118275404,Negative conductivity NEEDS FACTORY TAG VALIDATION
46185.68642361112,conductivity,-0.02239379845559597,Negative conductivity NEEDS FACTORY TAG VALIDATION
46185.686435185184,conductivity,-0.022365283221006397,Negative conductivity NEEDS FACTORY TAG VALIDATION
46185.68644675926,conductivity,-0.02233676984906197,Negative conductivity NEEDS FACTORY TAG VALIDATION
46185.68645833333,conductivity,-0.02230825461447239,Negative conductivity NEEDS FACTORY TAG VALIDATION
46185.68646990741,conductivity,-0.02227974124252796,Negative conductivity NEEDS FACTORY TAG VALIDATION
46185.68648148148,conductivity,-0.022251226007938385,Negative conductivity NEEDS FACTORY TAG VALIDATION
46185.68649305555,conductivity,-0.02222271263599396,Negative conductivity NEEDS FACTORY TAG VALIDATION
46185.68650462963,conductivity,-0.02219419740140438,Negative conductivity NEEDS FACTORY TAG VALIDATION
46185.68651620371,conductivity,-0.022165684029459957,Negative conductivity NEEDS FACTORY TAG VALIDATION
46185.686527777776,conductivity,-0.02213717065751553,Negative conductivity NEEDS FACTORY TAG VALIDATION
46185.686539351846,conductivity,-0.02210865542292595,Negative conductivity NEEDS FACTORY TAG VALIDATION
46185.68655092592,conductivity,-0.02208014205098152,Negative conductivity NEEDS FACTORY TAG VALIDATION
46185.6865625,conductivity,-0.022051626816391945,Negative conductivity NEEDS FACTORY TAG VALIDATION
46185.68657407408,conductivity,-0.02202311344444752,Negative conductivity NEEDS FACTORY TAG VALIDATION
46185.68658564815,conductivity,-0.02199459820985794,Negative conductivity NEEDS FACTORY TAG VALIDATION
46185.68659722222,conductivity,-0.021966084837913517,Negative conductivity NEEDS FACTORY TAG VALIDATION
46185.6866087963,conductivity,-0.021937569603323936,Negative conductivity NEEDS FACTORY TAG VALIDATION
46185.68662037037,conductivity,-0.02190905623137951,Negative conductivity NEEDS FACTORY TAG VALIDATION
46185.686631944445,conductivity,-0.02188054099678993,Negative conductivity NEEDS FACTORY TAG VALIDATION
46185.68664351852,conductivity,-0.021852027624845505,Negative conductivity NEEDS FACTORY TAG VALIDATION
46185.68665509259,conductivity,-0.021823512390255928,Negative conductivity NEEDS FACTORY TAG VALIDATION
46185.68666666666,conductivity,-0.0217949990183115,Negative conductivity NEEDS FACTORY TAG VALIDATION
46185.68667824074,conductivity,-0.021766483783721924,Negative conductivity NEEDS FACTORY TAG VALIDATION
46185.686689814815,conductivity,-0.021737970411777496,Negative conductivity NEEDS FACTORY TAG VALIDATION
46185.68670138889,conductivity,-0.02170945517718792,Negative conductivity NEEDS FACTORY TAG VALIDATION
46185.68671296296,conductivity,-0.02168094180524349,Negative conductivity NEEDS FACTORY TAG VALIDATION
46185.68672453704,conductivity,-0.021652426570653915,Negative conductivity NEEDS FACTORY TAG VALIDATION
46185.68673611112,conductivity,-0.021623913198709488,Negative conductivity NEEDS FACTORY TAG VALIDATION
46185.686747685184,conductivity,-0.02159539796411991,Negative conductivity NEEDS FACTORY TAG VALIDATION
46185.68675925926,conductivity,-0.021566884592175484,Negative conductivity NEEDS FACTORY TAG VALIDATION
46185.68677083333,conductivity,-0.021538369357585907,Negative conductivity NEEDS FACTORY TAG VALIDATION
46185.68678240741,conductivity,-0.02150985598564148,Negative conductivity NEEDS FACTORY TAG VALIDATION
46185.68679398149,conductivity,-0.021481340751051903,Negative conductivity NEEDS FACTORY TAG VALIDATION
46185.68680555555,conductivity,-0.021452827379107475,Negative conductivity NEEDS FACTORY TAG VALIDATION
46185.68681712963,conductivity,-0.021424312144517895,Negative conductivity NEEDS FACTORY TAG VALIDATION
46185.68682870371,conductivity,-0.02139579877257347,Negative conductivity NEEDS FACTORY TAG VALIDATION
46185.686840277776,conductivity,-0.02136728353798389,Negative conductivity NEEDS FACTORY TAG VALIDATION
46185.686851851846,conductivity,-0.021338770166039467,Negative conductivity NEEDS FACTORY TAG VALIDATION
46185.68686342592,conductivity,-0.02131025493144989,Negative conductivity NEEDS FACTORY TAG VALIDATION
46185.686875,conductivity,-0.021281741559505463,Negative conductivity NEEDS FACTORY TAG VALIDATION
46185.68688657408,conductivity,-0.02125322632491589,Negative conductivity NEEDS FACTORY TAG VALIDATION
46185.68689814815,conductivity,-0.021224712952971455,Negative conductivity NEEDS FACTORY TAG VALIDATION
46185.68690972222,conductivity,-0.02119619771838188,Negative conductivity NEEDS FACTORY TAG VALIDATION
46185.6869212963,conductivity,-0.02116768434643745,Negative conductivity NEEDS FACTORY TAG VALIDATION
46185.68693287037,conductivity,-0.02113916911184788,Negative conductivity NEEDS FACTORY TAG VALIDATION
46185.686944444446,conductivity,-0.02111065573990345,Negative conductivity NEEDS FACTORY TAG VALIDATION
46185.68695601852,conductivity,-0.021082140505313877,Negative conductivity NEEDS FACTORY TAG VALIDATION
46185.68696759259,conductivity,-0.02105362713336945,Negative conductivity NEEDS FACTORY TAG VALIDATION
46185.68697916666,conductivity,-0.02102511189877987,Negative conductivity NEEDS FACTORY TAG VALIDATION
46185.68699074074,conductivity,-0.02099659852683544,Negative conductivity NEEDS FACTORY TAG VALIDATION
46185.687002314815,conductivity,-0.020968083292245865,Negative conductivity NEEDS FACTORY TAG VALIDATION
46185.687013888884,conductivity,-0.02093956992030144,Negative conductivity NEEDS FACTORY TAG VALIDATION
46185.68702546296,conductivity,-0.02091105468571186,Negative conductivity NEEDS FACTORY TAG VALIDATION
46185.68703703704,conductivity,-0.020882541313767437,Negative conductivity NEEDS FACTORY TAG VALIDATION
46185.68704861112,conductivity,-0.020854026079177856,Negative conductivity NEEDS FACTORY TAG VALIDATION
46185.687060185184,conductivity,-0.02082551270723343,Negative conductivity NEEDS FACTORY TAG VALIDATION
46185.68707175926,conductivity,-0.02079699747264385,Negative conductivity NEEDS FACTORY TAG VALIDATION
46185.68708333333,conductivity,-0.020768484100699425,Negative conductivity NEEDS FACTORY TAG VALIDATION
46185.68709490741,conductivity,-0.020739968866109848,Negative conductivity NEEDS FACTORY TAG VALIDATION
46185.68710648149,conductivity,-0.02071145549416542,Negative conductivity NEEDS FACTORY TAG VALIDATION
46185.68711805555,conductivity,-0.020682940259575844,Negative conductivity NEEDS FACTORY TAG VALIDATION
46185.68712962963,conductivity,-0.020654426887631416,Negative conductivity NEEDS FACTORY TAG VALIDATION
46185.68714120371,conductivity,-0.02062591165304184,Negative conductivity NEEDS FACTORY TAG VALIDATION
46185.68715277778,conductivity,-0.02059739828109741,Negative conductivity NEEDS FACTORY TAG VALIDATION
46185.687164351846,conductivity,-0.020568883046507835,Negative conductivity NEEDS FACTORY TAG VALIDATION
46185.68717592592,conductivity,-0.020540369674563408,Negative conductivity NEEDS FACTORY TAG VALIDATION
46185.6871875,conductivity,-0.02051185443997383,Negative conductivity NEEDS FACTORY TAG VALIDATION
46185.68719907408,conductivity,-0.020483341068029404,Negative conductivity NEEDS FACTORY TAG VALIDATION
46185.68721064815,conductivity,-0.020454825833439827,Negative conductivity NEEDS FACTORY TAG VALIDATION
46185.68722222222,conductivity,-0.0204263124614954,Negative conductivity NEEDS FACTORY TAG VALIDATION
46185.6872337963,conductivity,-0.020397797226905823,Negative conductivity NEEDS FACTORY TAG VALIDATION
46185.68724537037,conductivity,-0.020369283854961395,Negative conductivity NEEDS FACTORY TAG VALIDATION
46185.687256944446,conductivity,-0.020340768620371815,Negative conductivity NEEDS FACTORY TAG VALIDATION
46185.68726851852,conductivity,-0.02031225524842739,Negative conductivity NEEDS FACTORY TAG VALIDATION
46185.68728009259,conductivity,-0.02028374001383781,Negative conductivity NEEDS FACTORY TAG VALIDATION
46185.68729166666,conductivity,-0.020255226641893387,Negative conductivity NEEDS FACTORY TAG VALIDATION
46185.68730324074,conductivity,-0.02022671140730381,Negative conductivity NEEDS FACTORY TAG VALIDATION
46185.687314814815,conductivity,-0.020198198035359383,Negative conductivity NEEDS FACTORY TAG VALIDATION
46185.687326388885,conductivity,-0.02016968280076981,Negative conductivity NEEDS FACTORY TAG VALIDATION
46185.68733796296,conductivity,-0.020141169428825375,Negative conductivity NEEDS FACTORY TAG VALIDATION
46185.68734953704,conductivity,-0.0201126541942358,Negative conductivity NEEDS FACTORY TAG VALIDATION
46185.687361111115,conductivity,-0.02008414082229137,Negative conductivity NEEDS FACTORY TAG VALIDATION
46185.68737268519,conductivity,-0.0200556255877018,Negative conductivity NEEDS FACTORY TAG VALIDATION
46185.68738425926,conductivity,-0.02002711221575737,Negative conductivity NEEDS FACTORY TAG VALIDATION
46185.68739583333,conductivity,-0.019998596981167797,Negative conductivity NEEDS FACTORY TAG VALIDATION
46185.68740740741,conductivity,-0.01997008360922337,Negative conductivity NEEDS FACTORY TAG VALIDATION
46185.687418981484,conductivity,-0.01994156837463379,Negative conductivity NEEDS FACTORY TAG VALIDATION
46185.687430555554,conductivity,-0.01991305500268936,Negative conductivity NEEDS FACTORY TAG VALIDATION
46185.68744212963,conductivity,-0.019884539768099785,Negative conductivity NEEDS FACTORY TAG VALIDATION
46185.6874537037,conductivity,-0.01985602639615536,Negative conductivity NEEDS FACTORY TAG VALIDATION
46185.68746527778,conductivity,-0.01982751116156578,Negative conductivity NEEDS FACTORY TAG VALIDATION
46185.687476851854,conductivity,-0.019798997789621357,Negative conductivity NEEDS FACTORY TAG VALIDATION
46185.68748842592,conductivity,-0.019770482555031776,Negative conductivity NEEDS FACTORY TAG VALIDATION
46185.6875,conductivity,-0.01974196918308735,Negative conductivity NEEDS FACTORY TAG VALIDATION
46185.68751157408,conductivity,-0.01971345394849777,Negative conductivity NEEDS FACTORY TAG VALIDATION
46185.68752314815,conductivity,-0.019684940576553345,Negative conductivity NEEDS FACTORY TAG VALIDATION
46185.68753472222,conductivity,-0.019656425341963768,Negative conductivity NEEDS FACTORY TAG VALIDATION
46185.6875462963,conductivity,-0.01962791197001934,Negative conductivity NEEDS FACTORY TAG VALIDATION
46185.68755787037,conductivity,-0.019599396735429764,Negative conductivity NEEDS FACTORY TAG VALIDATION
46185.687569444446,conductivity,-0.019570883363485336,Negative conductivity NEEDS FACTORY TAG VALIDATION
46185.68758101852,conductivity,-0.01954236812889576,Negative conductivity NEEDS FACTORY TAG VALIDATION
46185.68759259259,conductivity,-0.01951385475695133,Negative conductivity NEEDS FACTORY TAG VALIDATION
46185.68760416666,conductivity,-0.019485339522361755,Negative conductivity NEEDS FACTORY TAG VALIDATION
46185.68761574074,conductivity,-0.019456826150417328,Negative conductivity NEEDS FACTORY TAG VALIDATION
46185.687627314815,conductivity,-0.01942831091582775,Negative conductivity NEEDS FACTORY TAG VALIDATION
46185.687638888885,conductivity,-0.019399797543883324,Negative conductivity NEEDS FACTORY TAG VALIDATION
46185.68765046296,conductivity,-0.019371282309293747,Negative conductivity NEEDS FACTORY TAG VALIDATION
46185.68766203704,conductivity,-0.01934276893734932,Negative conductivity NEEDS FACTORY TAG VALIDATION
46185.687673611115,conductivity,-0.01931425556540489,Negative conductivity NEEDS FACTORY TAG VALIDATION
46185.68768518519,conductivity,-0.019285740330815315,Negative conductivity NEEDS FACTORY TAG VALIDATION
46185.68769675926,conductivity,-0.019257226958870888,Negative conductivity NEEDS FACTORY TAG VALIDATION
46185.68770833333,conductivity,-0.01922871172428131,Negative conductivity NEEDS FACTORY TAG VALIDATION
46185.68771990741,conductivity,-0.019200198352336884,Negative conductivity NEEDS FACTORY TAG VALIDATION
46185.687731481485,conductivity,-0.019171683117747307,Negative conductivity NEEDS FACTORY TAG VALIDATION
46185.687743055554,conductivity,-0.01914316974580288,Negative conductivity NEEDS FACTORY TAG VALIDATION
46185.68775462963,conductivity,-0.019114654511213303,Negative conductivity NEEDS FACTORY TAG VALIDATION
46185.6877662037,conductivity,-0.019086141139268875,Negative conductivity NEEDS FACTORY TAG VALIDATION
46185.68777777778,conductivity,-0.019057625904679295,Negative conductivity NEEDS FACTORY TAG VALIDATION
46185.687789351854,conductivity,-0.01902911253273487,Negative conductivity NEEDS FACTORY TAG VALIDATION
46185.68780092592,conductivity,-0.01900059729814529,Negative conductivity NEEDS FACTORY TAG VALIDATION
46185.6878125,conductivity,-0.018972083926200867,Negative conductivity NEEDS FACTORY TAG VALIDATION
46185.68782407408,conductivity,-0.01894356869161129,Negative conductivity NEEDS FACTORY TAG VALIDATION
46185.687835648154,conductivity,-0.018915055319666862,Negative conductivity NEEDS FACTORY TAG VALIDATION
46185.68784722222,conductivity,-0.01888654008507729,Negative conductivity NEEDS FACTORY TAG VALIDATION
46185.687858796286,conductivity,-0.018858026713132855,Negative conductivity NEEDS FACTORY TAG VALIDATION
46185.68787037037,conductivity,-0.01882951147854328,Negative conductivity NEEDS FACTORY TAG VALIDATION
46185.68788194445,conductivity,-0.01880099810659885,Negative conductivity NEEDS FACTORY TAG VALIDATION
46185.68789351852,conductivity,-0.01877248287200928,Negative conductivity NEEDS FACTORY TAG VALIDATION
46185.68790509259,conductivity,-0.01874396950006485,Negative conductivity NEEDS FACTORY TAG VALIDATION
46185.68791666666,conductivity,-0.018715454265475277,Negative conductivity NEEDS FACTORY TAG VALIDATION
46185.68792824074,conductivity,-0.01868694089353085,Negative conductivity NEEDS FACTORY TAG VALIDATION
46185.687939814816,conductivity,-0.01865842565894127,Negative conductivity NEEDS FACTORY TAG VALIDATION
46185.687951388885,conductivity,-0.01862991228699684,Negative conductivity NEEDS FACTORY TAG VALIDATION
46185.68796296296,conductivity,-0.018601397052407265,Negative conductivity NEEDS FACTORY TAG VALIDATION
46185.68797453704,conductivity,-0.01857288368046284,Negative conductivity NEEDS FACTORY TAG VALIDATION
46185.687986111116,conductivity,-0.01854436844587326,Negative conductivity NEEDS FACTORY TAG VALIDATION
46185.68799768519,conductivity,-0.018515855073928836,Negative conductivity NEEDS FACTORY TAG VALIDATION
46185.68800925926,conductivity,-0.018487339839339256,Negative conductivity NEEDS FACTORY TAG VALIDATION
46185.68802083333,conductivity,-0.01845882646739483,Negative conductivity NEEDS FACTORY TAG VALIDATION
46185.68803240741,conductivity,-0.01843031123280525,Negative conductivity NEEDS FACTORY TAG VALIDATION
46185.688043981485,conductivity,-0.018401797860860825,Negative conductivity NEEDS FACTORY TAG VALIDATION
46185.688055555554,conductivity,-0.018373282626271248,Negative conductivity NEEDS FACTORY TAG VALIDATION
46185.68806712963,conductivity,-0.01834476925432682,Negative conductivity NEEDS FACTORY TAG VALIDATION
46185.68807870369,conductivity,-0.018316254019737244,Negative conductivity NEEDS FACTORY TAG VALIDATION
46185.68809027778,conductivity,-0.018287740647792816,Negative conductivity NEEDS FACTORY TAG VALIDATION
46185.688101851854,conductivity,-0.01825922541320324,Negative conductivity NEEDS FACTORY TAG VALIDATION
46185.68811342592,conductivity,-0.01823071204125881,Negative conductivity NEEDS FACTORY TAG VALIDATION
46185.688125,conductivity,-0.018202196806669235,Negative conductivity NEEDS FACTORY TAG VALIDATION
46185.68813657408,conductivity,-0.018173683434724808,Negative conductivity NEEDS FACTORY TAG VALIDATION
46185.688148148154,conductivity,-0.01814516820013523,Negative conductivity NEEDS FACTORY TAG VALIDATION
46185.688159722224,conductivity,-0.018116654828190804,Negative conductivity NEEDS FACTORY TAG VALIDATION
46185.688171296286,conductivity,-0.018088139593601227,Negative conductivity NEEDS FACTORY TAG VALIDATION
46185.68818287037,conductivity,-0.0180596262216568,Negative conductivity NEEDS FACTORY TAG VALIDATION
46185.68819444445,conductivity,-0.018031110987067223,Negative conductivity NEEDS FACTORY TAG VALIDATION
46185.68820601852,conductivity,-0.018002597615122795,Negative conductivity NEEDS FACTORY TAG VALIDATION
46185.68821759259,conductivity,-0.01797408238053322,Negative conductivity NEEDS FACTORY TAG VALIDATION
46185.68822916667,conductivity,-0.01794556900858879,Negative conductivity NEEDS FACTORY TAG VALIDATION
46185.68824074074,conductivity,-0.017917053773999214,Negative conductivity NEEDS FACTORY TAG VALIDATION
46185.688252314816,conductivity,-0.017888540402054787,Negative conductivity NEEDS FACTORY TAG VALIDATION
46185.688263888886,conductivity,-0.01786002516746521,Negative conductivity NEEDS FACTORY TAG VALIDATION
46185.68827546296,conductivity,-0.017831511795520782,Negative conductivity NEEDS FACTORY TAG VALIDATION
46185.68828703704,conductivity,-0.017802996560931206,Negative conductivity NEEDS FACTORY TAG VALIDATION
46185.68829861111,conductivity,-0.017774483188986778,Negative conductivity NEEDS FACTORY TAG VALIDATION
46185.68831018519,conductivity,-0.0177459679543972,Negative conductivity NEEDS FACTORY TAG VALIDATION
46185.68832175926,conductivity,-0.017717454582452774,Negative conductivity NEEDS FACTORY TAG VALIDATION
46185.688333333324,conductivity,-0.017688939347863197,Negative conductivity NEEDS FACTORY TAG VALIDATION
46185.68834490741,conductivity,-0.01766042597591877,Negative conductivity NEEDS FACTORY TAG VALIDATION
46185.68835648148,conductivity,-0.017631910741329193,Negative conductivity NEEDS FACTORY TAG VALIDATION
46185.68836805556,conductivity,-0.017603397369384766,Negative conductivity NEEDS FACTORY TAG VALIDATION
46185.68837962963,conductivity,-0.01757488213479519,Negative conductivity NEEDS FACTORY TAG VALIDATION
46185.688391203694,conductivity,-0.01754636876285076,Negative conductivity NEEDS FACTORY TAG VALIDATION
46185.68840277778,conductivity,-0.017517853528261185,Negative conductivity NEEDS FACTORY TAG VALIDATION
46185.688414351855,conductivity,-0.017489340156316757,Negative conductivity NEEDS FACTORY TAG VALIDATION
46185.68842592592,conductivity,-0.01746082492172718,Negative conductivity NEEDS FACTORY TAG VALIDATION
46185.6884375,conductivity,-0.017432311549782753,Negative conductivity NEEDS FACTORY TAG VALIDATION
46185.68844907408,conductivity,-0.017403796315193176,Negative conductivity NEEDS FACTORY TAG VALIDATION
46185.688460648154,conductivity,-0.01737528294324875,Negative conductivity NEEDS FACTORY TAG VALIDATION
46185.688472222224,conductivity,-0.017346767708659172,Negative conductivity NEEDS FACTORY TAG VALIDATION
46185.688483796286,conductivity,-0.017318254336714745,Negative conductivity NEEDS FACTORY TAG VALIDATION
46185.68849537037,conductivity,-0.017289739102125168,Negative conductivity NEEDS FACTORY TAG VALIDATION
46185.68850694445,conductivity,-0.01726122573018074,Negative conductivity NEEDS FACTORY TAG VALIDATION
46185.68851851852,conductivity,-0.017232710495591164,Negative conductivity NEEDS FACTORY TAG VALIDATION
46185.68853009259,conductivity,-0.017204197123646736,Negative conductivity NEEDS FACTORY TAG VALIDATION
46185.68854166667,conductivity,-0.01717568188905716,Negative conductivity NEEDS FACTORY TAG VALIDATION
46185.68855324074,conductivity,-0.017147168517112732,Negative conductivity NEEDS FACTORY TAG VALIDATION
46185.688564814816,conductivity,-0.017118653282523155,Negative conductivity NEEDS FACTORY TAG VALIDATION
46185.688576388886,conductivity,-0.017090139910578728,Negative conductivity NEEDS FACTORY TAG VALIDATION
46185.68858796296,conductivity,-0.01706162467598915,Negative conductivity NEEDS FACTORY TAG VALIDATION
46185.68859953704,conductivity,-0.017033111304044724,Negative conductivity NEEDS FACTORY TAG VALIDATION
46185.68861111111,conductivity,-0.017004596069455147,Negative conductivity NEEDS FACTORY TAG VALIDATION
46185.68862268519,conductivity,-0.01697608269751072,Negative conductivity NEEDS FACTORY TAG VALIDATION
46185.68863425926,conductivity,-0.016947567462921143,Negative conductivity NEEDS FACTORY TAG VALIDATION
46185.688645833325,conductivity,-0.016919054090976715,Negative conductivity NEEDS FACTORY TAG VALIDATION
46185.68865740741,conductivity,-0.01689053885638714,Negative conductivity NEEDS FACTORY TAG VALIDATION
46185.68866898148,conductivity,-0.01686202548444271,Negative conductivity NEEDS FACTORY TAG VALIDATION
46185.68868055556,conductivity,-0.016833510249853134,Negative conductivity NEEDS FACTORY TAG VALIDATION
46185.68869212963,conductivity,-0.016804996877908707,Negative conductivity NEEDS FACTORY TAG VALIDATION
46185.688703703694,conductivity,-0.01677648164331913,Negative conductivity NEEDS FACTORY TAG VALIDATION
46185.68871527778,conductivity,-0.016747968271374702,Negative conductivity NEEDS FACTORY TAG VALIDATION
46185.688726851855,conductivity,-0.016719453036785126,Negative conductivity NEEDS FACTORY TAG VALIDATION
46185.68873842592,conductivity,-0.016690939664840698,Negative conductivity NEEDS FACTORY TAG VALIDATION
46185.68875,conductivity,-0.01666242443025112,Negative conductivity NEEDS FACTORY TAG VALIDATION
46185.68876157407,conductivity,-0.016633911058306694,Negative conductivity NEEDS FACTORY TAG VALIDATION
46185.688773148155,conductivity,-0.016605395823717117,Negative conductivity NEEDS FACTORY TAG VALIDATION
46185.688784722224,conductivity,-0.01657688245177269,Negative conductivity NEEDS FACTORY TAG VALIDATION
46185.68879629629,conductivity,-0.016548369079828262,Negative conductivity NEEDS FACTORY TAG VALIDATION
46185.68880787037,conductivity,-0.016519853845238686,Negative conductivity NEEDS FACTORY TAG VALIDATION
46185.68881944445,conductivity,-0.016491340473294258,Negative conductivity NEEDS FACTORY TAG VALIDATION
46185.68883101852,conductivity,-0.01646282523870468,Negative conductivity NEEDS FACTORY TAG VALIDATION
46185.68884259259,conductivity,-0.016434311866760254,Negative conductivity NEEDS FACTORY TAG VALIDATION
46185.688854166656,conductivity,-0.016405796632170677,Negative conductivity NEEDS FACTORY TAG VALIDATION
46185.68886574074,conductivity,-0.01637728326022625,Negative conductivity NEEDS FACTORY TAG VALIDATION
46185.68887731482,conductivity,-0.016348768025636673,Negative conductivity NEEDS FACTORY TAG VALIDATION
46185.688888888886,conductivity,-0.016320254653692245,Negative conductivity NEEDS FACTORY TAG VALIDATION
46185.68890046296,conductivity,-0.01629173941910267,Negative conductivity NEEDS FACTORY TAG VALIDATION
46185.68891203704,conductivity,-0.01626322604715824,Negative conductivity NEEDS FACTORY TAG VALIDATION
46185.68892361111,conductivity,-0.016234710812568665,Negative conductivity NEEDS FACTORY TAG VALIDATION
46185.68893518519,conductivity,-0.016206197440624237,Negative conductivity NEEDS FACTORY TAG VALIDATION
46185.68894675926,conductivity,-0.01617768220603466,Negative conductivity NEEDS FACTORY TAG VALIDATION
46185.688958333325,conductivity,-0.016149168834090233,Negative conductivity NEEDS FACTORY TAG VALIDATION
46185.68896990741,conductivity,-0.016120653599500656,Negative conductivity NEEDS FACTORY TAG VALIDATION
46185.68898148148,conductivity,-0.01609214022755623,Negative conductivity NEEDS FACTORY TAG VALIDATION
46185.68899305556,conductivity,-0.016063624992966652,Negative conductivity NEEDS FACTORY TAG VALIDATION
46185.68900462963,conductivity,-0.016035111621022224,Negative conductivity NEEDS FACTORY TAG VALIDATION
46185.689016203694,conductivity,-0.016006596386432648,Negative conductivity NEEDS FACTORY TAG VALIDATION
46185.68902777778,conductivity,-0.01597808301448822,Negative conductivity NEEDS FACTORY TAG VALIDATION
46185.689039351855,conductivity,-0.015949567779898643,Negative conductivity NEEDS FACTORY TAG VALIDATION
46185.689050925925,conductivity,-0.015921054407954216,Negative conductivity NEEDS FACTORY TAG VALIDATION
46185.6890625,conductivity,-0.01589253917336464,Negative conductivity NEEDS FACTORY TAG VALIDATION
46185.68907407407,conductivity,-0.015864025801420212,Negative conductivity NEEDS FACTORY TAG VALIDATION
46185.689085648155,conductivity,-0.015835510566830635,Negative conductivity NEEDS FACTORY TAG VALIDATION
46185.68909722223,conductivity,-0.015806997194886208,Negative conductivity NEEDS FACTORY TAG VALIDATION
46185.68910879629,conductivity,-0.01577848196029663,Negative conductivity NEEDS FACTORY TAG VALIDATION
46185.68912037037,conductivity,-0.015749968588352203,Negative conductivity NEEDS FACTORY TAG VALIDATION
46185.68913194445,conductivity,-0.015721453353762627,Negative conductivity NEEDS FACTORY TAG VALIDATION
46185.68914351852,conductivity,-0.0156929399818182,Negative conductivity NEEDS FACTORY TAG VALIDATION
46185.689155092594,conductivity,-0.015664424747228622,Negative conductivity NEEDS FACTORY TAG VALIDATION
46185.689166666656,conductivity,-0.015635911375284195,Negative conductivity NEEDS FACTORY TAG VALIDATION
46185.68917824074,conductivity,-0.015607396140694618,Negative conductivity NEEDS FACTORY TAG VALIDATION
46185.68918981482,conductivity,-0.015578881837427616,Negative conductivity NEEDS FACTORY TAG VALIDATION
46185.68920138889,conductivity,-0.015550367534160614,Negative conductivity NEEDS FACTORY TAG VALIDATION
46185.68921296296,conductivity,-0.015521853230893612,Negative conductivity NEEDS FACTORY TAG VALIDATION
46185.68922453704,conductivity,-0.01549333892762661,Negative conductivity NEEDS FACTORY TAG VALIDATION
46185.68923611111,conductivity,-0.015464824624359608,Negative conductivity NEEDS FACTORY TAG VALIDATION
46185.68924768519,conductivity,-0.015436310321092606,Negative conductivity NEEDS FACTORY TAG VALIDATION
46185.689259259256,conductivity,-0.015407796017825603,Negative conductivity NEEDS FACTORY TAG VALIDATION
46185.689270833325,conductivity,-0.0153792817145586,Negative conductivity NEEDS FACTORY TAG VALIDATION
46185.68928240741,conductivity,-0.0153507674112916,Negative conductivity NEEDS FACTORY TAG VALIDATION
46185.68929398148,conductivity,-0.015322253108024595,Negative conductivity NEEDS FACTORY TAG VALIDATION
46185.68930555556,conductivity,-0.015293738804757597,Negative conductivity NEEDS FACTORY TAG VALIDATION
46185.68931712963,conductivity,-0.015265224501490591,Negative conductivity NEEDS FACTORY TAG VALIDATION
46185.689328703695,conductivity,-0.015236710198223593,Negative conductivity NEEDS FACTORY TAG VALIDATION
46185.68934027778,conductivity,-0.015208195894956589,Negative conductivity NEEDS FACTORY TAG VALIDATION
46185.689351851855,conductivity,-0.015179681591689588,Negative conductivity NEEDS FACTORY TAG VALIDATION
46185.689363425925,conductivity,-0.01515116821974516,Negative conductivity NEEDS FACTORY TAG VALIDATION
46185.689375,conductivity,-0.015122653916478155,Negative conductivity NEEDS FACTORY TAG VALIDATION
46185.68938657407,conductivity,-0.015094139613211157,Negative conductivity NEEDS FACTORY TAG VALIDATION
46185.689398148155,conductivity,-0.015065625309944153,Negative conductivity NEEDS FACTORY TAG VALIDATION
46185.68940972223,conductivity,-0.015037111006677152,Negative conductivity NEEDS FACTORY TAG VALIDATION
46185.68942129629,conductivity,-0.015008596703410149,Negative conductivity NEEDS FACTORY TAG VALIDATION
46185.68943287037,conductivity,-0.014980082400143148,Negative conductivity NEEDS FACTORY TAG VALIDATION
46185.68944444445,conductivity,-0.014951568096876144,Negative conductivity NEEDS FACTORY TAG VALIDATION
46185.68945601852,conductivity,-0.014923053793609142,Negative conductivity NEEDS FACTORY TAG VALIDATION
46185.689467592594,conductivity,-0.01489453949034214,Negative conductivity NEEDS FACTORY TAG VALIDATION
46185.68947916666,conductivity,-0.014866025187075138,Negative conductivity NEEDS FACTORY TAG VALIDATION
46185.68949074074,conductivity,-0.014837510883808136,Negative conductivity NEEDS FACTORY TAG VALIDATION
46185.68950231482,conductivity,-0.014808996580541134,Negative conductivity NEEDS FACTORY TAG VALIDATION
46185.68951388889,conductivity,-0.014780482277274132,Negative conductivity NEEDS FACTORY TAG VALIDATION
46185.68952546296,conductivity,-0.01475196797400713,Negative conductivity NEEDS FACTORY TAG VALIDATION
46185.68953703704,conductivity,-0.014723453670740128,Negative conductivity NEEDS FACTORY TAG VALIDATION
46185.68954861111,conductivity,-0.014694939367473124,Negative conductivity NEEDS FACTORY TAG VALIDATION
46185.689560185194,conductivity,-0.014666425064206123,Negative conductivity NEEDS FACTORY TAG VALIDATION
46185.689571759256,conductivity,-0.01463791076093912,Negative conductivity NEEDS FACTORY TAG VALIDATION
46185.689583333326,conductivity,-0.01460939645767212,Negative conductivity NEEDS FACTORY TAG VALIDATION
46185.68959490741,conductivity,-0.014580882154405115,Negative conductivity NEEDS FACTORY TAG VALIDATION
46185.68960648148,conductivity,-0.014552367851138117,Negative conductivity NEEDS FACTORY TAG VALIDATION
46185.68961805556,conductivity,-0.014523853547871113,Negative conductivity NEEDS FACTORY TAG VALIDATION
46185.68962962963,conductivity,-0.014495339244604112,Negative conductivity NEEDS FACTORY TAG VALIDATION
46185.689641203695,conductivity,-0.014466824941337109,Negative conductivity NEEDS FACTORY TAG VALIDATION
46185.68965277778,conductivity,-0.014438310638070108,Negative conductivity NEEDS FACTORY TAG VALIDATION
46185.68966435185,conductivity,-0.014409796334803104,Negative conductivity NEEDS FACTORY TAG VALIDATION
46185.689675925925,conductivity,-0.014381282031536102,Negative conductivity NEEDS FACTORY TAG VALIDATION
46185.6896875,conductivity,-0.0143527677282691,Negative conductivity NEEDS FACTORY TAG VALIDATION
46185.68969907407,conductivity,-0.014324253425002098,Negative conductivity NEEDS FACTORY TAG VALIDATION
46185.689710648156,conductivity,-0.014295739121735096,Negative conductivity NEEDS FACTORY TAG VALIDATION
46185.68972222223,conductivity,-0.014267224818468094,Negative conductivity NEEDS FACTORY TAG VALIDATION
46185.689733796295,conductivity,-0.014238710515201092,Negative conductivity NEEDS FACTORY TAG VALIDATION
46185.68974537037,conductivity,-0.01421019621193409,Negative conductivity NEEDS FACTORY TAG VALIDATION
46185.68975694444,conductivity,-0.014181681908667088,Negative conductivity NEEDS FACTORY TAG VALIDATION
46185.68976851852,conductivity,-0.014153167605400084,Negative conductivity NEEDS FACTORY TAG VALIDATION
46185.689780092594,conductivity,-0.014124653302133083,Negative conductivity NEEDS FACTORY TAG VALIDATION
46185.68979166666,conductivity,-0.01409613899886608,Negative conductivity NEEDS FACTORY TAG VALIDATION
46185.68980324073,conductivity,-0.01406762469559908,Negative conductivity NEEDS FACTORY TAG VALIDATION
46185.68981481482,conductivity,-0.014039110392332075,Negative conductivity NEEDS FACTORY TAG VALIDATION
46185.68982638889,conductivity,-0.014010596089065077,Negative conductivity NEEDS FACTORY TAG VALIDATION
46185.68983796296,conductivity,-0.013982081785798073,Negative conductivity NEEDS FACTORY TAG VALIDATION
46185.68984953704,conductivity,-0.013953567482531072,Negative conductivity NEEDS FACTORY TAG VALIDATION
46185.68986111111,conductivity,-0.013925053179264069,Negative conductivity NEEDS FACTORY TAG VALIDATION
46185.689872685194,conductivity,-0.013896538875997066,Negative conductivity NEEDS FACTORY TAG VALIDATION
46185.689884259256,conductivity,-0.013868024572730064,Negative conductivity NEEDS FACTORY TAG VALIDATION
46185.689895833326,conductivity,-0.013839510269463062,Negative conductivity NEEDS FACTORY TAG VALIDATION
46185.68990740741,conductivity,-0.01381099596619606,Negative conductivity NEEDS FACTORY TAG VALIDATION
46185.68991898148,conductivity,-0.013782481662929058,Negative conductivity NEEDS FACTORY TAG VALIDATION
46185.68993055556,conductivity,-0.013753967359662056,Negative conductivity NEEDS FACTORY TAG VALIDATION
46185.68994212963,conductivity,-0.013725453056395054,Negative conductivity NEEDS FACTORY TAG VALIDATION
46185.689953703695,conductivity,-0.013696938753128052,Negative conductivity NEEDS FACTORY TAG VALIDATION
46185.68996527778,conductivity,-0.01366842444986105,Negative conductivity NEEDS FACTORY TAG VALIDATION
46185.68997685185,conductivity,-0.013639910146594048,Negative conductivity NEEDS FACTORY TAG VALIDATION
46185.689988425926,conductivity,-0.013611395843327044,Negative conductivity NEEDS FACTORY TAG VALIDATION
46185.69,conductivity,-0.013582881540060043,Negative conductivity NEEDS FACTORY TAG VALIDATION
46185.69001157407,conductivity,-0.01355436723679304,Negative conductivity NEEDS FACTORY TAG VALIDATION
46185.69002314815,conductivity,-0.01352585293352604,Negative conductivity NEEDS FACTORY TAG VALIDATION
46185.69003472223,conductivity,-0.013497338630259035,Negative conductivity NEEDS FACTORY TAG VALIDATION
46185.690046296295,conductivity,-0.013468824326992037,Negative conductivity NEEDS FACTORY TAG VALIDATION
46185.690057870364,conductivity,-0.013440310023725033,Negative conductivity NEEDS FACTORY TAG VALIDATION
46185.69006944444,conductivity,-0.013411795720458032,Negative conductivity NEEDS FACTORY TAG VALIDATION
46185.69008101852,conductivity,-0.013383281417191029,Negative conductivity NEEDS FACTORY TAG VALIDATION
46185.6900925926,conductivity,-0.013354767113924026,Negative conductivity NEEDS FACTORY TAG VALIDATION
46185.69010416666,conductivity,-0.013326252810657024,Negative conductivity NEEDS FACTORY TAG VALIDATION
46185.690115740734,conductivity,-0.013297738507390022,Negative conductivity NEEDS FACTORY TAG VALIDATION
46185.69012731482,conductivity,-0.01326922420412302,Negative conductivity NEEDS FACTORY TAG VALIDATION
46185.69013888889,conductivity,-0.013240709900856018,Negative conductivity NEEDS FACTORY TAG VALIDATION
46185.69015046296,conductivity,-0.013212195597589016,Negative conductivity NEEDS FACTORY TAG VALIDATION
46185.69016203704,conductivity,-0.013183681294322014,Negative conductivity NEEDS FACTORY TAG VALIDATION
46185.69017361111,conductivity,-0.013155166991055012,Negative conductivity NEEDS FACTORY TAG VALIDATION
46185.690185185194,conductivity,-0.01312665268778801,Negative conductivity NEEDS FACTORY TAG VALIDATION
46185.69019675926,conductivity,-0.013098138384521008,Negative conductivity NEEDS FACTORY TAG VALIDATION
46185.690208333326,conductivity,-0.013069624081254004,Negative conductivity NEEDS FACTORY TAG VALIDATION
46185.69021990741,conductivity,-0.013041109777987003,Negative conductivity NEEDS FACTORY TAG VALIDATION
46185.69023148148,conductivity,-0.01301259547472,Negative conductivity NEEDS FACTORY TAG VALIDATION
46185.69024305556,conductivity,-0.012984081171453,Negative conductivity NEEDS FACTORY TAG VALIDATION
46185.690254629626,conductivity,-0.012955566868185995,Negative conductivity NEEDS FACTORY TAG VALIDATION
46185.690266203696,conductivity,-0.012927052564918997,Negative conductivity NEEDS FACTORY TAG VALIDATION
46185.69027777778,conductivity,-0.012898538261651993,Negative conductivity NEEDS FACTORY TAG VALIDATION
46185.69028935185,conductivity,-0.012870023958384992,Negative conductivity NEEDS FACTORY TAG VALIDATION
46185.690300925926,conductivity,-0.012841509655117989,Negative conductivity NEEDS FACTORY TAG VALIDATION
46185.6903125,conductivity,-0.012812995351850986,Negative conductivity NEEDS FACTORY TAG VALIDATION
46185.69032407407,conductivity,-0.012784481048583984,Negative conductivity NEEDS FACTORY TAG VALIDATION
46185.69033564815,conductivity,-0.012755966745316982,Negative conductivity NEEDS FACTORY TAG VALIDATION
46185.69034722223,conductivity,-0.01272745244204998,Negative conductivity NEEDS FACTORY TAG VALIDATION
46185.690358796295,conductivity,-0.012698938138782978,Negative conductivity NEEDS FACTORY TAG VALIDATION
46185.690370370365,conductivity,-0.012670423835515976,Negative conductivity NEEDS FACTORY TAG VALIDATION
46185.69038194444,conductivity,-0.012641909532248974,Negative conductivity NEEDS FACTORY TAG VALIDATION
46185.69039351852,conductivity,-0.012613395228981972,Negative conductivity NEEDS FACTORY TAG VALIDATION
46185.6904050926,conductivity,-0.01258488092571497,Negative conductivity NEEDS FACTORY TAG VALIDATION
46185.690416666665,conductivity,-0.012556366622447968,Negative conductivity NEEDS FACTORY TAG VALIDATION
46185.690428240734,conductivity,-0.012527852319180964,Negative conductivity NEEDS FACTORY TAG VALIDATION
46185.69043981482,conductivity,-0.012499338015913963,Negative conductivity NEEDS FACTORY TAG VALIDATION
46185.69045138889,conductivity,-0.01247082371264696,Negative conductivity NEEDS FACTORY TAG VALIDATION
46185.69046296296,conductivity,-0.01244230940937996,Negative conductivity NEEDS FACTORY TAG VALIDATION
46185.69047453704,conductivity,-0.012413795106112955,Negative conductivity NEEDS FACTORY TAG VALIDATION
46185.69048611111,conductivity,-0.012385280802845957,Negative conductivity NEEDS FACTORY TAG VALIDATION
46185.690497685195,conductivity,-0.012356767430901527,Negative conductivity NEEDS FACTORY TAG VALIDATION
46185.69050925926,conductivity,-0.012328253127634524,Negative conductivity NEEDS FACTORY TAG VALIDATION
46185.69052083333,conductivity,-0.012299738824367523,Negative conductivity NEEDS FACTORY TAG VALIDATION
46185.69053240741,conductivity,-0.01227122452110052,Negative conductivity NEEDS FACTORY TAG VALIDATION
46185.69054398148,conductivity,-0.01224271021783352,Negative conductivity NEEDS FACTORY TAG VALIDATION
46185.69055555556,conductivity,-0.012214195914566515,Negative conductivity NEEDS FACTORY TAG VALIDATION
46185.690567129626,conductivity,-0.012185681611299517,Negative conductivity NEEDS FACTORY TAG VALIDATION
46189.512604166666,conductivity,-0.05,Negative conductivity NEEDS FACTORY TAG VALIDATION
46189.512615740736,conductivity,-0.13,Negative conductivity NEEDS FACTORY TAG VALIDATION
46189.512627314805,conductivity,-0.12,Negative conductivity NEEDS FACTORY TAG VALIDATION
